[{"model": "home.memoria", "pk": 1, "fields": {"sort_order": 0, "page": 15, "memoria_descripcion": "Memoria 2017", "memoria_url": "https://www.yumpu.com/es/embed/view/oaR13L2TzhOMYdlj"}}, {"model": "home.memoria", "pk": 2, "fields": {"sort_order": 1, "page": 15, "memoria_descripcion": "Memoria 2018", "memoria_url": "https://www.yumpu.com/es/embed/view/YrjnRyWIK2SXH6iO"}}, {"model": "home.alianza", "pk": 1, "fields": {"sort_order": 0, "page": 19, "titulo": "Constru\u00ed alianzas locales socioeducativas", "descripcion": "<p>Conoc\u00e9 las propuestas socioeducativas de Don Bosco en todo el pa\u00eds y desarroll\u00e1 acciones por la educaci\u00f3n.</p>"}}, {"model": "home.alianza", "pk": 2, "fields": {"sort_order": 1, "page": 19, "titulo": "Impuls\u00e1 programas de responsabilidad social (RSE)", "descripcion": "<p>Canaliz\u00e1 tus programas de responsabilidad social empresaria (RSE) a trav\u00e9s de las diferentes \u00e1reas de acci\u00f3n de Don Bosco Argentina.</p>"}}, {"model": "home.alianza", "pk": 3, "fields": {"sort_order": 2, "page": 19, "titulo": "Realiz\u00e1 campa\u00f1as de comunicaci\u00f3n y sensibilizaci\u00f3n", "descripcion": "<p>Desarroll\u00e1 campa\u00f1as de comunicaci\u00f3n entre clientes, empleados y usuarios que fomenten el compromiso con la educaci\u00f3n y la solidaridad.</p>"}}, {"model": "home.alianza", "pk": 4, "fields": {"sort_order": 3, "page": 19, "titulo": "Sumate a la app 1K Por los J\u00f3venes", "descripcion": "<p>La app que propone llevar una vida saludable mientras se realiza una acci\u00f3n solidaria</p><p>- Potenci\u00e1 tu imagen corporativa promoviendo la vida sana y la solidaridad.</p><p>- Obten\u00e9 presencia de marca realizando aportes por cada Km que los usuarios recorren, sea caminando, andando en bicicleta o corriendo.</p>"}}, {"model": "home.alianza", "pk": 5, "fields": {"sort_order": 4, "page": 19, "titulo": "Sumate a Buenos Aires Corre Por Los J\u00f3venes", "descripcion": "<p>S\u00e9 parte del evento que moviliza a todos los que trabajamos Por los J\u00f3venes el 8 de diciembre, en Vicente L\u00f3pez.\u00a0</p><p>- Invit\u00e1 a tus empleados con precio promocional</p><p>- Patrocin\u00e1 el evento</p><p>- Particip\u00e1 con tu stand y difund\u00ed tus acciones por la educaci\u00f3n y los j\u00f3venes</p>"}}, {"model": "home.alianza", "pk": 6, "fields": {"sort_order": 5, "page": 19, "titulo": "Contribu\u00ed con donaciones", "descripcion": "<p>Recibimos donaciones que colaboren con las propuestas socioeducativas de Don Bosco:<br/></p><p>- Equipamiento y materiales para formaci\u00f3n profesional</p><p>- \u00datiles escolares</p><p>- Equipamiento inform\u00e1tico</p><p>- Herramientas de trabajo y maquinarias</p><p>- Indumentaria deportiva y calzado</p><p>- Elementos deportivos</p><p>- Otros</p>"}}, {"model": "home.sponsorclass", "pk": 1, "fields": {"sort_order": 0, "nombre_sponsor": "Racing Solidario", "imagen_sponsor": 3, "url_sponsor": null}}, {"model": "home.sponsorclass", "pk": 2, "fields": {"sort_order": 1, "nombre_sponsor": "Nivea", "imagen_sponsor": 5, "url_sponsor": null}}, {"model": "home.sponsorclass", "pk": 3, "fields": {"sort_order": 2, "nombre_sponsor": "Mostaza", "imagen_sponsor": 4, "url_sponsor": null}}, {"model": "home.sponsorclass", "pk": 4, "fields": {"sort_order": 0, "nombre_sponsor": "Racing Solidario", "imagen_sponsor": 3, "url_sponsor": null}}, {"model": "home.sponsorclass", "pk": 5, "fields": {"sort_order": 1, "nombre_sponsor": "Mostaza", "imagen_sponsor": 4, "url_sponsor": null}}, {"model": "home.sponsorapp", "pk": 1, "fields": {"page": 16}}, {"model": "home.sponsorapp", "pk": 2, "fields": {"page": 16}}, {"model": "home.sponsorapp", "pk": 3, "fields": {"page": 16}}, {"model": "home.sponsorcarrera", "pk": 4, "fields": {"page": 17}}, {"model": "home.sponsorcarrera", "pk": 5, "fields": {"page": 17}}, {"model": "home.video_old", "pk": 1, "fields": {"sort_order": 0, "page": 17, "video_code": "FRFENxD830c"}}, {"model": "home.video_old", "pk": 2, "fields": {"sort_order": 1, "page": 17, "video_code": "Ve90f44ShWE"}}, {"model": "home.video_old", "pk": 3, "fields": {"sort_order": 2, "page": 17, "video_code": "9f8GQ7UutSE"}}, {"model": "home.noticiagalleryimage", "pk": 2, "fields": {"sort_order": 0, "page": 31, "image": 23, "caption": "Imagen de prueba 1"}}, {"model": "home.noticiagalleryimage", "pk": 3, "fields": {"sort_order": 1, "page": 31, "image": 22, "caption": "Imagen de prueba 2"}}, {"model": "home.noticiagalleryimage", "pk": 4, "fields": {"sort_order": 2, "page": 31, "image": 16, "caption": "Imagen de prueba 3"}}, {"model": "home.noticiagalleryimage", "pk": 5, "fields": {"sort_order": 0, "page": 32, "image": 15, "caption": "Imagen de texto 2"}}, {"model": "home.noticiagalleryimage", "pk": 6, "fields": {"sort_order": 1, "page": 32, "image": 13, "caption": "Imagen de texto 2 donar"}}, {"model": "home.noticiagalleryimage", "pk": 7, "fields": {"sort_order": 0, "page": 33, "image": 21, "caption": "gente"}}, {"model": "home.noticiagalleryimage", "pk": 8, "fields": {"sort_order": 1, "page": 33, "image": 20, "caption": "mano"}}, {"model": "wagtailimages.rendition", "pk": 1, "fields": {"filter_spec": "max-165x165", "file": "images/55845484_10217976041933890_32744023940996792.max-165x165.jpg", "width": 165, "height": 86, "focal_point_key": "", "image": 1}}, {"model": "wagtailimages.rendition", "pk": 2, "fields": {"filter_spec": "max-165x165", "file": "images/logo8a.max-165x165.jpg", "width": 150, "height": 150, "focal_point_key": "", "image": 2}}, {"model": "wagtailimages.rendition", "pk": 3, "fields": {"filter_spec": "max-165x165", "file": "images/racing-ok.max-165x165.jpg", "width": 165, "height": 165, "focal_point_key": "", "image": 3}}, {"model": "wagtailimages.rendition", "pk": 4, "fields": {"filter_spec": "max-165x165", "file": "images/Isologo_Mostaza_2018_0021.max-165x165.png", "width": 165, "height": 118, "focal_point_key": "", "image": 4}}, {"model": "wagtailimages.rendition", "pk": 5, "fields": {"filter_spec": "width-400", "file": "images/racing-ok.width-400.jpg", "width": 400, "height": 400, "focal_point_key": "", "image": 3}}, {"model": "wagtailimages.rendition", "pk": 6, "fields": {"filter_spec": "width-400", "file": "images/Isologo_Mostaza_2018_0021.width-400.png", "width": 400, "height": 286, "focal_point_key": "", "image": 4}}, {"model": "wagtailimages.rendition", "pk": 7, "fields": {"filter_spec": "fill-80x80", "file": "images/racing-ok.2e16d0ba.fill-80x80.jpg", "width": 80, "height": 80, "focal_point_key": "2e16d0ba", "image": 3}}, {"model": "wagtailimages.rendition", "pk": 8, "fields": {"filter_spec": "fill-80x80", "file": "images/Isologo_Mostaza_2018_0021.2e16d0ba.fill-80x80.png", "width": 80, "height": 80, "focal_point_key": "2e16d0ba", "image": 4}}, {"model": "wagtailimages.rendition", "pk": 9, "fields": {"filter_spec": "max-165x165", "file": "images/Nivea.max-165x165.jpg", "width": 165, "height": 164, "focal_point_key": "", "image": 5}}, {"model": "wagtailimages.rendition", "pk": 10, "fields": {"filter_spec": "fill-80x80", "file": "images/Nivea.2e16d0ba.fill-80x80.jpg", "width": 80, "height": 80, "focal_point_key": "2e16d0ba", "image": 5}}, {"model": "wagtailimages.rendition", "pk": 11, "fields": {"filter_spec": "max-165x165", "file": "images/PIEZA_PARA_WEB4.max-165x165.jpg", "width": 165, "height": 76, "focal_point_key": "", "image": 6}}, {"model": "wagtailimages.rendition", "pk": 12, "fields": {"filter_spec": "max-165x165", "file": "images/PIEZA_PARA_WEB_desk4.max-165x165.jpg", "width": 165, "height": 68, "focal_point_key": "", "image": 7}}, {"model": "wagtailimages.rendition", "pk": 13, "fields": {"filter_spec": "fill-80x80", "file": "images/PIEZA_PARA_WEB4.2e16d0ba.fill-80x80.jpg", "width": 80, "height": 80, "focal_point_key": "2e16d0ba", "image": 6}}, {"model": "wagtailimages.rendition", "pk": 14, "fields": {"filter_spec": "fill-900x400", "file": "images/PIEZA_PARA_WEB4.2e16d0ba.fill-900x400.jpg", "width": 900, "height": 400, "focal_point_key": "2e16d0ba", "image": 6}}, {"model": "wagtailimages.rendition", "pk": 15, "fields": {"filter_spec": "max-165x165", "file": "images/PIEZA_PARA_WEB_desk4_EKmwIk6.max-165x165.jpg", "width": 165, "height": 68, "focal_point_key": "", "image": 8}}, {"model": "wagtailimages.rendition", "pk": 16, "fields": {"filter_spec": "max-165x165", "file": "images/PIEZA_PARA_WEB_MOBILE_2.max-165x165.jpg", "width": 165, "height": 165, "focal_point_key": "", "image": 9}}, {"model": "wagtailimages.rendition", "pk": 17, "fields": {"filter_spec": "fill-900x400", "file": "images/PIEZA_PARA_WEB_desk4.2e16d0ba.fill-900x400.jpg", "width": 900, "height": 400, "focal_point_key": "2e16d0ba", "image": 7}}, {"model": "wagtailimages.rendition", "pk": 18, "fields": {"filter_spec": "original", "file": "images/PIEZA_PARA_WEB4.original.jpg", "width": 2000, "height": 923, "focal_point_key": "", "image": 6}}, {"model": "wagtailimages.rendition", "pk": 19, "fields": {"filter_spec": "original", "file": "images/PIEZA_PARA_WEB_desk4.original.jpg", "width": 2000, "height": 835, "focal_point_key": "", "image": 7}}, {"model": "wagtailimages.rendition", "pk": 20, "fields": {"filter_spec": "original", "file": "images/PIEZA_PARA_WEB_desk4_EKmwIk6.original.jpg", "width": 2000, "height": 835, "focal_point_key": "", "image": 8}}, {"model": "wagtailimages.rendition", "pk": 21, "fields": {"filter_spec": "original", "file": "images/PIEZA_PARA_WEB_MOBILE_2.original.jpg", "width": 600, "height": 600, "focal_point_key": "", "image": 9}}, {"model": "wagtailimages.rendition", "pk": 22, "fields": {"filter_spec": "max-165x165", "file": "images/mapa2.max-165x165.jpg", "width": 165, "height": 76, "focal_point_key": "", "image": 10}}, {"model": "wagtailimages.rendition", "pk": 23, "fields": {"filter_spec": "max-165x165", "file": "images/remera1.max-165x165.jpg", "width": 165, "height": 79, "focal_point_key": "", "image": 11}}, {"model": "wagtailimages.rendition", "pk": 24, "fields": {"filter_spec": "original", "file": "images/mapa2.original.jpg", "width": 1172, "height": 543, "focal_point_key": "", "image": 10}}, {"model": "wagtailimages.rendition", "pk": 25, "fields": {"filter_spec": "original", "file": "images/remera1.original.jpg", "width": 963, "height": 463, "focal_point_key": "", "image": 11}}, {"model": "wagtailimages.rendition", "pk": 26, "fields": {"filter_spec": "max-165x165", "file": "images/iphone-4-415708_1920.max-165x165.jpg", "width": 165, "height": 110, "focal_point_key": "", "image": 12}}, {"model": "wagtailimages.rendition", "pk": 27, "fields": {"filter_spec": "original", "file": "images/iphone-4-415708_1920.original.jpg", "width": 1920, "height": 1280, "focal_point_key": "", "image": 12}}, {"model": "wagtailimages.rendition", "pk": 28, "fields": {"filter_spec": "max-165x165", "file": "images/donar.max-165x165.jpg", "width": 156, "height": 165, "focal_point_key": "", "image": 13}}, {"model": "wagtailimages.rendition", "pk": 29, "fields": {"filter_spec": "original", "file": "images/donar.original.jpg", "width": 446, "height": 469, "focal_point_key": "", "image": 13}}, {"model": "wagtailimages.rendition", "pk": 30, "fields": {"filter_spec": "max-165x165", "file": "images/Foto_legados_y_herencias_21.max-165x165.jpg", "width": 165, "height": 48, "focal_point_key": "", "image": 14}}, {"model": "wagtailimages.rendition", "pk": 31, "fields": {"filter_spec": "original", "file": "images/Foto_legados_y_herencias_21.original.jpg", "width": 2000, "height": 592, "focal_point_key": "", "image": 14}}, {"model": "wagtailimages.rendition", "pk": 32, "fields": {"filter_spec": "max-165x165", "file": "images/Foto_comunicacion_3.max-165x165.jpg", "width": 165, "height": 110, "focal_point_key": "", "image": 15}}, {"model": "wagtailimages.rendition", "pk": 33, "fields": {"filter_spec": "original", "file": "images/Foto_comunicacion_3.original.jpg", "width": 2657, "height": 1772, "focal_point_key": "", "image": 15}}, {"model": "wagtailimages.rendition", "pk": 34, "fields": {"filter_spec": "max-165x165", "file": "images/quehacemos.max-165x165.jpg", "width": 165, "height": 61, "focal_point_key": "", "image": 16}}, {"model": "wagtailimages.rendition", "pk": 35, "fields": {"filter_spec": "max-165x165", "file": "images/banner_2_gif4.max-165x165.png", "width": 67, "height": 165, "focal_point_key": "", "image": 17}}, {"model": "wagtailimages.rendition", "pk": 36, "fields": {"filter_spec": "max-165x165", "file": "images/ico_educacion.max-165x165.png", "width": 112, "height": 80, "focal_point_key": "", "image": 18}}, {"model": "wagtailimages.rendition", "pk": 37, "fields": {"filter_spec": "max-165x165", "file": "images/ico_trabajo.max-165x165.png", "width": 81, "height": 77, "focal_point_key": "", "image": 19}}, {"model": "wagtailimages.rendition", "pk": 38, "fields": {"filter_spec": "max-165x165", "file": "images/ico_comunitarias.max-165x165.png", "width": 74, "height": 86, "focal_point_key": "", "image": 20}}, {"model": "wagtailimages.rendition", "pk": 39, "fields": {"filter_spec": "max-165x165", "file": "images/ico_misioneras.max-165x165.png", "width": 79, "height": 70, "focal_point_key": "", "image": 21}}, {"model": "wagtailimages.rendition", "pk": 40, "fields": {"filter_spec": "original", "file": "images/quehacemos.original.jpg", "width": 1900, "height": 704, "focal_point_key": "", "image": 16}}, {"model": "wagtailimages.rendition", "pk": 41, "fields": {"filter_spec": "original", "file": "images/ico_educacion.original.png", "width": 112, "height": 80, "focal_point_key": "", "image": 18}}, {"model": "wagtailimages.rendition", "pk": 42, "fields": {"filter_spec": "original", "file": "images/ico_trabajo.original.png", "width": 81, "height": 77, "focal_point_key": "", "image": 19}}, {"model": "wagtailimages.rendition", "pk": 43, "fields": {"filter_spec": "original", "file": "images/ico_comunitarias.original.png", "width": 74, "height": 86, "focal_point_key": "", "image": 20}}, {"model": "wagtailimages.rendition", "pk": 44, "fields": {"filter_spec": "original", "file": "images/ico_misioneras.original.png", "width": 79, "height": 70, "focal_point_key": "", "image": 21}}, {"model": "wagtailimages.rendition", "pk": 45, "fields": {"filter_spec": "max-165x165", "file": "images/quienes.max-165x165.jpg", "width": 165, "height": 110, "focal_point_key": "", "image": 22}}, {"model": "wagtailimages.rendition", "pk": 46, "fields": {"filter_spec": "original", "file": "images/quienes.original.jpg", "width": 1444, "height": 965, "focal_point_key": "", "image": 22}}, {"model": "wagtailimages.rendition", "pk": 47, "fields": {"filter_spec": "max-800x600", "file": "images/quienes.max-800x600.jpg", "width": 800, "height": 534, "focal_point_key": "", "image": 22}}, {"model": "wagtailimages.rendition", "pk": 48, "fields": {"filter_spec": "max-165x165", "file": "images/595a26a84b952_647_365-1.max-165x165.jpg", "width": 165, "height": 64, "focal_point_key": "", "image": 23}}, {"model": "wagtailimages.rendition", "pk": 49, "fields": {"filter_spec": "original", "file": "images/595a26a84b952_647_365-1.original.jpg", "width": 1024, "height": 400, "focal_point_key": "", "image": 23}}, {"model": "wagtailimages.rendition", "pk": 50, "fields": {"filter_spec": "max-800x600", "file": "images/595a26a84b952_647_365-1.max-800x600.jpg", "width": 800, "height": 312, "focal_point_key": "", "image": 23}}, {"model": "wagtailimages.rendition", "pk": 51, "fields": {"filter_spec": "width-500", "file": "images/595a26a84b952_647_365-1.width-500.jpg", "width": 500, "height": 195, "focal_point_key": "", "image": 23}}, {"model": "wagtailimages.rendition", "pk": 52, "fields": {"filter_spec": "fill-850x450-c50", "file": "images/quienes.2e16d0ba.fill-850x450-c50.jpg", "width": 850, "height": 450, "focal_point_key": "2e16d0ba", "image": 22}}, {"model": "wagtailimages.rendition", "pk": 53, "fields": {"filter_spec": "fill-850x450-c50", "file": "images/iphone-4-415708_1920.2e16d0ba.fill-850x450-c50.jpg", "width": 850, "height": 450, "focal_point_key": "2e16d0ba", "image": 12}}, {"model": "wagtailimages.rendition", "pk": 54, "fields": {"filter_spec": "fill-850x450-c50", "file": "images/quehacemos.2e16d0ba.fill-850x450-c50.jpg", "width": 850, "height": 450, "focal_point_key": "2e16d0ba", "image": 16}}, {"model": "wagtailimages.rendition", "pk": 55, "fields": {"filter_spec": "max-165x165", "file": "images/55845484_10217976041933890_32744023940996792.max-165x165_pZyf9hQ.jpg", "width": 165, "height": 86, "focal_point_key": "", "image": 24}}, {"model": "wagtailimages.rendition", "pk": 56, "fields": {"filter_spec": "original", "file": "images/55845484_10217976041933890_3274402394099679232_.original.jpg", "width": 960, "height": 503, "focal_point_key": "", "image": 24}}, {"model": "wagtailimages.rendition", "pk": 57, "fields": {"filter_spec": "max-800x600", "file": "images/55845484_10217976041933890_32744023940996792.max-800x600.jpg", "width": 800, "height": 419, "focal_point_key": "", "image": 24}}, {"model": "wagtailcore.site", "pk": 2, "fields": {"hostname": "localhost", "port": 80, "site_name": "porlosjovenes", "root_page": 3, "is_default_site": true}}, {"model": "wagtailcore.collection", "pk": 1, "fields": {"path": "0001", "depth": 1, "numchild": 0, "name": "Root"}}, {"model": "taggit.tag", "pk": 1, "fields": {"name": "ciudad", "slug": "ciudad"}}, {"model": "taggit.tag", "pk": 2, "fields": {"name": "Racing", "slug": "racing"}}, {"model": "taggit.tag", "pk": 3, "fields": {"name": "racing", "slug": "racing_1"}}, {"model": "taggit.tag", "pk": 4, "fields": {"name": "http://www.mostazaweb.com.ar/", "slug": "httpwwwmostazawebcomar"}}, {"model": "taggit.tag", "pk": 5, "fields": {"name": "Nivea Sponsor", "slug": "nivea-sponsor"}}, {"model": "taggit.tag", "pk": 6, "fields": {"name": "Reglamento", "slug": "reglamento"}}, {"model": "taggit.tag", "pk": 7, "fields": {"name": "Autorizacion Menores", "slug": "autorizacion-menores"}}, {"model": "taggit.tag", "pk": 8, "fields": {"name": "Mapa", "slug": "mapa"}}, {"model": "taggit.tag", "pk": 9, "fields": {"name": "Redes", "slug": "redes"}}, {"model": "taggit.tag", "pk": 10, "fields": {"name": "Donar", "slug": "donar"}}, {"model": "taggit.tag", "pk": 11, "fields": {"name": "Alianzas", "slug": "alianzas"}}, {"model": "taggit.tag", "pk": 12, "fields": {"name": "que hacemos", "slug": "que-hacemos"}}, {"model": "taggit.tag", "pk": 13, "fields": {"name": "banner", "slug": "banner"}}, {"model": "taggit.tag", "pk": 14, "fields": {"name": "educacion", "slug": "educacion"}}, {"model": "taggit.tag", "pk": 15, "fields": {"name": "trabajo", "slug": "trabajo"}}, {"model": "taggit.tag", "pk": 16, "fields": {"name": "comunitaria", "slug": "comunitaria"}}, {"model": "taggit.tag", "pk": 17, "fields": {"name": "acciones", "slug": "acciones"}}, {"model": "taggit.tag", "pk": 18, "fields": {"name": "misioneras", "slug": "misioneras"}}, {"model": "taggit.tag", "pk": 19, "fields": {"name": "QuienesSomos", "slug": "quienessomos"}}, {"model": "taggit.tag", "pk": 20, "fields": {"name": "abril", "slug": "abril"}}, {"model": "taggit.tag", "pk": 21, "fields": {"name": "2019", "slug": "2019"}}, {"model": "contenttypes.contenttype", "pk": 1, "fields": {"app_label": "wagtailcore", "model": "page"}}, {"model": "contenttypes.contenttype", "pk": 2, "fields": {"app_label": "home", "model": "homepage"}}, {"model": "contenttypes.contenttype", "pk": 3, "fields": {"app_label": "wagtailadmin", "model": "admin"}}, {"model": "contenttypes.contenttype", "pk": 4, "fields": {"app_label": "wagtaildocs", "model": "document"}}, {"model": "contenttypes.contenttype", "pk": 5, "fields": {"app_label": "wagtailimages", "model": "image"}}, {"model": "contenttypes.contenttype", "pk": 6, "fields": {"app_label": "wagtailforms", "model": "formsubmission"}}, {"model": "contenttypes.contenttype", "pk": 7, "fields": {"app_label": "wagtailredirects", "model": "redirect"}}, {"model": "contenttypes.contenttype", "pk": 8, "fields": {"app_label": "wagtailembeds", "model": "embed"}}, {"model": "contenttypes.contenttype", "pk": 9, "fields": {"app_label": "wagtailusers", "model": "userprofile"}}, {"model": "contenttypes.contenttype", "pk": 10, "fields": {"app_label": "wagtailimages", "model": "rendition"}}, {"model": "contenttypes.contenttype", "pk": 11, "fields": {"app_label": "wagtailsearch", "model": "query"}}, {"model": "contenttypes.contenttype", "pk": 12, "fields": {"app_label": "wagtailsearch", "model": "querydailyhits"}}, {"model": "contenttypes.contenttype", "pk": 13, "fields": {"app_label": "wagtailcore", "model": "pageviewrestriction"}}, {"model": "contenttypes.contenttype", "pk": 14, "fields": {"app_label": "wagtailcore", "model": "collection"}}, {"model": "contenttypes.contenttype", "pk": 15, "fields": {"app_label": "wagtailcore", "model": "groupcollectionpermission"}}, {"model": "contenttypes.contenttype", "pk": 16, "fields": {"app_label": "wagtailcore", "model": "collectionviewrestriction"}}, {"model": "contenttypes.contenttype", "pk": 17, "fields": {"app_label": "wagtailcore", "model": "site"}}, {"model": "contenttypes.contenttype", "pk": 18, "fields": {"app_label": "wagtailcore", "model": "pagerevision"}}, {"model": "contenttypes.contenttype", "pk": 19, "fields": {"app_label": "wagtailcore", "model": "grouppagepermission"}}, {"model": "contenttypes.contenttype", "pk": 20, "fields": {"app_label": "taggit", "model": "tag"}}, {"model": "contenttypes.contenttype", "pk": 21, "fields": {"app_label": "taggit", "model": "taggeditem"}}, {"model": "contenttypes.contenttype", "pk": 22, "fields": {"app_label": "admin", "model": "logentry"}}, {"model": "contenttypes.contenttype", "pk": 23, "fields": {"app_label": "auth", "model": "permission"}}, {"model": "contenttypes.contenttype", "pk": 24, "fields": {"app_label": "auth", "model": "user"}}, {"model": "contenttypes.contenttype", "pk": 25, "fields": {"app_label": "auth", "model": "group"}}, {"model": "contenttypes.contenttype", "pk": 26, "fields": {"app_label": "contenttypes", "model": "contenttype"}}, {"model": "contenttypes.contenttype", "pk": 27, "fields": {"app_label": "sessions", "model": "session"}}, {"model": "contenttypes.contenttype", "pk": 28, "fields": {"app_label": "home", "model": "noticias"}}, {"model": "contenttypes.contenttype", "pk": 29, "fields": {"app_label": "home", "model": "slider"}}, {"model": "contenttypes.contenttype", "pk": 30, "fields": {"app_label": "home", "model": "noticiagalleryimage"}}, {"model": "contenttypes.contenttype", "pk": 31, "fields": {"app_label": "home", "model": "noticia"}}, {"model": "contenttypes.contenttype", "pk": 32, "fields": {"app_label": "home", "model": "nosotros"}}, {"model": "contenttypes.contenttype", "pk": 33, "fields": {"app_label": "home", "model": "transparencia"}}, {"model": "contenttypes.contenttype", "pk": 34, "fields": {"app_label": "home", "model": "quehacemos"}}, {"model": "contenttypes.contenttype", "pk": 35, "fields": {"app_label": "home", "model": "quienessomos"}}, {"model": "contenttypes.contenttype", "pk": 36, "fields": {"app_label": "home", "model": "dondeestamos"}}, {"model": "contenttypes.contenttype", "pk": 37, "fields": {"app_label": "home", "model": "ayudadifundiendo"}}, {"model": "contenttypes.contenttype", "pk": 38, "fields": {"app_label": "home", "model": "carrera"}}, {"model": "contenttypes.contenttype", "pk": 39, "fields": {"app_label": "home", "model": "quierodonar"}}, {"model": "contenttypes.contenttype", "pk": 40, "fields": {"app_label": "home", "model": "legado"}}, {"model": "contenttypes.contenttype", "pk": 41, "fields": {"app_label": "home", "model": "alianzas"}}, {"model": "contenttypes.contenttype", "pk": 42, "fields": {"app_label": "home", "model": "app"}}, {"model": "contenttypes.contenttype", "pk": 43, "fields": {"app_label": "home", "model": "comocolaborar"}}, {"model": "contenttypes.contenttype", "pk": 44, "fields": {"app_label": "home", "model": "sponsor"}}, {"model": "contenttypes.contenttype", "pk": 45, "fields": {"app_label": "home", "model": "sponsorapp"}}, {"model": "contenttypes.contenttype", "pk": 46, "fields": {"app_label": "home", "model": "sponsorclass"}}, {"model": "contenttypes.contenttype", "pk": 47, "fields": {"app_label": "home", "model": "sponsorcarrera"}}, {"model": "contenttypes.contenttype", "pk": 48, "fields": {"app_label": "home", "model": "video_old"}}, {"model": "contenttypes.contenttype", "pk": 49, "fields": {"app_label": "home", "model": "carreras"}}, {"model": "contenttypes.contenttype", "pk": 50, "fields": {"app_label": "home", "model": "alianza"}}, {"model": "contenttypes.contenttype", "pk": 51, "fields": {"app_label": "home", "model": "memoria"}}, {"model": "sessions.session", "pk": "1awutg3pglk591mcmvczrcmefwr53pxx", "fields": {"session_data": "NzMyN2QwNmFmOWUyODU1MTNiZDRlNjg2MmIwNjdiMTE2YTA2MDc1Yjp7Il9hdXRoX3VzZXJfaWQiOiIzIiwid2FndGFpbC1wcmV2aWV3LTMxIjpbImdhbGxlcnlfaW1hZ2VzLTEtaWQ9MyZnYWxsZXJ5X2ltYWdlcy0yLU9SREVSPTMmc2x1Zz1ub3RpLTEmZ2FsbGVyeV9pbWFnZXMtMC1pZD0yJmJvZHk9JTdCJTBEJTBBKysrKyUyMmJsb2NrcyUyMiUzQSslNUIlMEQlMEErKysrKysrKyU3QiUwRCUwQSsrKysrKysrKysrKyUyMmtleSUyMiUzQSslMjIwYjlvaSUyMiUyQyUwRCUwQSsrKysrKysrKysrKyUyMmVudGl0eVJhbmdlcyUyMiUzQSslNUIlNUQlMkMlMEQlMEErKysrKysrKysrKyslMjJ0eXBlJTIyJTNBKyUyMnVuc3R5bGVkJTIyJTJDJTBEJTBBKysrKysrKysrKysrJTIyZGVwdGglMjIlM0ErMCUyQyUwRCUwQSsrKysrKysrKysrKyUyMnRleHQlMjIlM0ErJTIyTG9yZW0rSXBzdW0raXMrc2ltcGx5K2R1bW15K3RleHQrb2YrdGhlK3ByaW50aW5nK2FuZCt0eXBlc2V0dGluZytpbmR1c3RyeS4rTG9yZW0rSXBzdW0raGFzK2JlZW4rdGhlK2luZHVzdHJ5JTI3cytzdGFuZGFyZCtkdW1teSt0ZXh0K2V2ZXIrc2luY2UrdGhlKzE1MDBzJTJDK3doZW4rYW4rdW5rbm93bitwcmludGVyK3Rvb2srYStnYWxsZXkrb2YrdHlwZSthbmQrc2NyYW1ibGVkK2l0K3RvK21ha2UrYSt0eXBlK3NwZWNpbWVuK2Jvb2suK0l0K2hhcytzdXJ2aXZlZCtub3Qrb25seStmaXZlK2NlbnR1cmllcyUyQytidXQrYWxzbyt0aGUrbGVhcCtpbnRvK2VsZWN0cm9uaWMrdHlwZXNldHRpbmclMkMrcmVtYWluaW5nK2Vzc2VudGlhbGx5K3VuY2hhbmdlZC4rSXQrd2FzK3BvcHVsYXJpc2VkK2luK3RoZSsxOTYwcyt3aXRoK3RoZStyZWxlYXNlK29mK0xldHJhc2V0K3NoZWV0cytjb250YWluaW5nK0xvcmVtK0lwc3VtK3Bhc3NhZ2VzJTJDK2FuZCttb3JlK3JlY2VudGx5K3dpdGgrZGVza3RvcCtwdWJsaXNoaW5nK3NvZnR3YXJlK2xpa2UrQWxkdXMrUGFnZU1ha2VyK2luY2x1ZGluZyt2ZXJzaW9ucytvZitMb3JlbStJcHN1bS4lMjIlMkMlMEQlMEErKysrKysrKysrKyslMjJpbmxpbmVTdHlsZVJhbmdlcyUyMiUzQSslNUIlMEQlMEErKysrKysrKysrKysrKysrJTdCJTBEJTBBKysrKysrKysrKysrKysrKysrKyslMjJzdHlsZSUyMiUzQSslMjJCT0xEJTIyJTJDJTBEJTBBKysrKysrKysrKysrKysrKysrKyslMjJvZmZzZXQlMjIlM0ErMCUyQyUwRCUwQSsrKysrKysrKysrKysrKysrKysrJTIybGVuZ3RoJTIyJTNBKzExJTBEJTBBKysrKysrKysrKysrKysrKyU3RCUwRCUwQSsrKysrKysrKysrKyU1RCUwRCUwQSsrKysrKysrJTdEJTBEJTBBKysrKyU1RCUyQyUwRCUwQSsrKyslMjJlbnRpdHlNYXAlMjIlM0ErJTdCJTdEJTBEJTBBJTdEJmdhbGxlcnlfaW1hZ2VzLU1BWF9OVU1fRk9STVM9MTAwMCZnYWxsZXJ5X2ltYWdlcy1JTklUSUFMX0ZPUk1TPTMmZ2FsbGVyeV9pbWFnZXMtMi1pZD00JmdhbGxlcnlfaW1hZ2VzLTAtaW1hZ2U9MjMmY3NyZm1pZGRsZXdhcmV0b2tlbj1TM1BBU3N1a2xsSnR4d24yVFFPNVV4WjdXUzlibkhDbTQ5NzZvUTlnU1gxV2lTM1htRjE5T1JtOHFOMUhQb040JmNhdGVnb3JpYT1FZHVjYWNpb24mbmV4dD0mZ2FsbGVyeV9pbWFnZXMtMS1jYXB0aW9uPUltYWdlbitkZStwcnVlYmErMiZpbnRybz1ub3RpY2lhK2JhamFkYSZnYWxsZXJ5X2ltYWdlcy0yLURFTEVURT0mZXhwaXJlX2F0PSZzZWFyY2hfZGVzY3JpcHRpb249JmdhbGxlcnlfaW1hZ2VzLTAtREVMRVRFPSZnYWxsZXJ5X2ltYWdlcy1NSU5fTlVNX0ZPUk1TPTAmZ2FsbGVyeV9pbWFnZXMtMi1pbWFnZT0xNiZnYWxsZXJ5X2ltYWdlcy0xLU9SREVSPTImdGl0bGU9Tm90aSsxJmdhbGxlcnlfaW1hZ2VzLTItY2FwdGlvbj1JbWFnZW4rZGUrcHJ1ZWJhKzMmZ29fbGl2ZV9hdD0mc2VvX3RpdGxlPSZpbWFnZW5fcG9ydGFkYT0xMiZnYWxsZXJ5X2ltYWdlcy0xLURFTEVURT0mZ2FsbGVyeV9pbWFnZXMtVE9UQUxfRk9STVM9MyZkYXRlPTIwMTktMDQtMTEmZ2FsbGVyeV9pbWFnZXMtMC1PUkRFUj0xJmdhbGxlcnlfaW1hZ2VzLTAtY2FwdGlvbj1JbWFnZW4rZGUrcHJ1ZWJhKzEmZ2FsbGVyeV9pbWFnZXMtMS1pbWFnZT0yMiIsMTU1NTA5Nzk0NC4yODk3MDNdLCJfYXV0aF91c2VyX2hhc2giOiIzZjQ1MjBlMDg3ZjlkZDUzYmVhZTdiNGEyMzk2ODE2ZTQ0MDVmOWIzIiwiX2F1dGhfdXNlcl9iYWNrZW5kIjoiZGphbmdvLmNvbnRyaWIuYXV0aC5iYWNrZW5kcy5Nb2RlbEJhY2tlbmQifQ==", "expire_date": "2019-04-26T19:39:04.433Z"}}, {"model": "sessions.session", "pk": "20ksmv7tedrcjoukuch0o8ipwgictvuc", "fields": {"session_data": "Y2YyNThhNjkwMDIxYWExMjQ4YTg5YmMyYjI2NzdhODg1ZTIwZTM0Njp7Il9hdXRoX3VzZXJfYmFja2VuZCI6ImRqYW5nby5jb250cmliLmF1dGguYmFja2VuZHMuTW9kZWxCYWNrZW5kIiwiX2F1dGhfdXNlcl9pZCI6IjEiLCJfYXV0aF91c2VyX2hhc2giOiI0ODE2Y2Q2ZTdjMjEwMDc5Y2UxMjUwYThiYzEyNjUzYzNmOTY2YzQ0In0=", "expire_date": "2019-04-01T16:45:13.836Z"}}, {"model": "sessions.session", "pk": "8cavynn69az0xvcmznhxepezcezqs540", "fields": {"session_data": "MDQwY2Y1MzYxMTY4MDBkNWM1NWRmMzUwYzQwOTAzZDZlMTQwNmE3YTp7Il9hdXRoX3VzZXJfaWQiOiIzIiwiX2F1dGhfdXNlcl9iYWNrZW5kIjoiZGphbmdvLmNvbnRyaWIuYXV0aC5iYWNrZW5kcy5Nb2RlbEJhY2tlbmQiLCJfYXV0aF91c2VyX2hhc2giOiIzZjQ1MjBlMDg3ZjlkZDUzYmVhZTdiNGEyMzk2ODE2ZTQ0MDVmOWIzIn0=", "expire_date": "2019-04-25T14:32:23.239Z"}}, {"model": "sessions.session", "pk": "g7yordbwemaaaizt7pmo5csb67e2jevr", "fields": {"session_data": "NWUxZDRmMDhhOTg0M2FjNTJiM2UyNzk2Y2RjNDMxZDU0Y2FlYWYyZDp7Il9hdXRoX3VzZXJfaGFzaCI6IjNmNDUyMGUwODdmOWRkNTNiZWFlN2I0YTIzOTY4MTZlNDQwNWY5YjMiLCJfYXV0aF91c2VyX2lkIjoiMyIsIl9hdXRoX3VzZXJfYmFja2VuZCI6ImRqYW5nby5jb250cmliLmF1dGguYmFja2VuZHMuTW9kZWxCYWNrZW5kIn0=", "expire_date": "2019-04-25T13:52:39.054Z"}}, {"model": "sessions.session", "pk": "qco9pntcasn17hx3exswiarzmpye5lca", "fields": {"session_data": "YWMyZjcyODU3MGNjMTZmMTU5OTliNzI1NGQ4OTI4MjNhZmRhMzIxZDp7IndhZ3RhaWwtcHJldmlldy0xOSI6WyJzZW9fdGl0bGU9JnNsdWc9YWxpYW56YXMmdGl0bGU9QWxpYW56YXMmZXhwaXJlX2F0PSZnb19saXZlX2F0PSZjc3JmbWlkZGxld2FyZXRva2VuPXE5Rmp0dnFLRko3Q2tzV05jZXhSVmowRW5EQ0ZsaVY1NFA2UG8zeEk5bUE4VlQ5d3U5bWZZOWJ3cElqVjhLZlAmbmV4dD0mc2VhcmNoX2Rlc2NyaXB0aW9uPSIsMTU1NDk0ODI2OC41ODE3ODE2XSwiX2F1dGhfdXNlcl9oYXNoIjoiM2Y0NTIwZTA4N2Y5ZGQ1M2JlYWU3YjRhMjM5NjgxNmU0NDA1ZjliMyIsIl9hdXRoX3VzZXJfaWQiOiIzIiwid2FndGFpbC1wcmV2aWV3LTI4IjpbImRlc2NyaXBjaW9uX2NhdGVnb3JpYT1DYXRlZ29yaWErRmFtaWxpYXImZXhwaXJlX2F0PSZkaXN0YW5jaWE9MSZpbnNjcmlwY2lvbl91cmw9aHR0cHMlM0ElMkYlMkZzcG9ydGljay5jb20uYXIlMkZzaXMlMkZ1c2VycyUyRnN0YXJ0JTJGZXZlbnRvJTJGZGJhJnZhbG9yPTMwMCZzZWFyY2hfZGVzY3JpcHRpb249JnNlb190aXRsZT0mc2x1Zz1jYXJyZXJhLTFrJmNzcmZtaWRkbGV3YXJldG9rZW49ZU00TG1kNEsyMHlHRnd6T1BJWGZhRVcwNTB1T1hQNHJTc3ZoaExiSXdEMWNnWE14N0RNRGR1N1M3NWI0S2hvYiZ0aXRsZT1DYXJyZXJhKzFrJm5leHQ9JmdvX2xpdmVfYXQ9IiwxNTU0OTIyMDY2Ljg3MDM1OTRdLCJfYXV0aF91c2VyX2JhY2tlbmQiOiJkamFuZ28uY29udHJpYi5hdXRoLmJhY2tlbmRzLk1vZGVsQmFja2VuZCJ9", "expire_date": "2019-04-25T02:04:28.625Z"}}, {"model": "auth.permission", "pk": 1, "fields": {"name": "Can access Wagtail admin", "content_type": 3, "codename": "access_admin"}}, {"model": "auth.permission", "pk": 2, "fields": {"name": "Can add document", "content_type": 4, "codename": "add_document"}}, {"model": "auth.permission", "pk": 3, "fields": {"name": "Can change document", "content_type": 4, "codename": "change_document"}}, {"model": "auth.permission", "pk": 4, "fields": {"name": "Can delete document", "content_type": 4, "codename": "delete_document"}}, {"model": "auth.permission", "pk": 5, "fields": {"name": "Can add image", "content_type": 5, "codename": "add_image"}}, {"model": "auth.permission", "pk": 6, "fields": {"name": "Can change image", "content_type": 5, "codename": "change_image"}}, {"model": "auth.permission", "pk": 7, "fields": {"name": "Can delete image", "content_type": 5, "codename": "delete_image"}}, {"model": "auth.permission", "pk": 8, "fields": {"name": "Can add home page", "content_type": 2, "codename": "add_homepage"}}, {"model": "auth.permission", "pk": 9, "fields": {"name": "Can change home page", "content_type": 2, "codename": "change_homepage"}}, {"model": "auth.permission", "pk": 10, "fields": {"name": "Can delete home page", "content_type": 2, "codename": "delete_homepage"}}, {"model": "auth.permission", "pk": 11, "fields": {"name": "Can view home page", "content_type": 2, "codename": "view_homepage"}}, {"model": "auth.permission", "pk": 12, "fields": {"name": "Can add form submission", "content_type": 6, "codename": "add_formsubmission"}}, {"model": "auth.permission", "pk": 13, "fields": {"name": "Can change form submission", "content_type": 6, "codename": "change_formsubmission"}}, {"model": "auth.permission", "pk": 14, "fields": {"name": "Can delete form submission", "content_type": 6, "codename": "delete_formsubmission"}}, {"model": "auth.permission", "pk": 15, "fields": {"name": "Can view form submission", "content_type": 6, "codename": "view_formsubmission"}}, {"model": "auth.permission", "pk": 16, "fields": {"name": "Can add redirect", "content_type": 7, "codename": "add_redirect"}}, {"model": "auth.permission", "pk": 17, "fields": {"name": "Can change redirect", "content_type": 7, "codename": "change_redirect"}}, {"model": "auth.permission", "pk": 18, "fields": {"name": "Can delete redirect", "content_type": 7, "codename": "delete_redirect"}}, {"model": "auth.permission", "pk": 19, "fields": {"name": "Can view redirect", "content_type": 7, "codename": "view_redirect"}}, {"model": "auth.permission", "pk": 20, "fields": {"name": "Can add embed", "content_type": 8, "codename": "add_embed"}}, {"model": "auth.permission", "pk": 21, "fields": {"name": "Can change embed", "content_type": 8, "codename": "change_embed"}}, {"model": "auth.permission", "pk": 22, "fields": {"name": "Can delete embed", "content_type": 8, "codename": "delete_embed"}}, {"model": "auth.permission", "pk": 23, "fields": {"name": "Can view embed", "content_type": 8, "codename": "view_embed"}}, {"model": "auth.permission", "pk": 24, "fields": {"name": "Can add user profile", "content_type": 9, "codename": "add_userprofile"}}, {"model": "auth.permission", "pk": 25, "fields": {"name": "Can change user profile", "content_type": 9, "codename": "change_userprofile"}}, {"model": "auth.permission", "pk": 26, "fields": {"name": "Can delete user profile", "content_type": 9, "codename": "delete_userprofile"}}, {"model": "auth.permission", "pk": 27, "fields": {"name": "Can view user profile", "content_type": 9, "codename": "view_userprofile"}}, {"model": "auth.permission", "pk": 28, "fields": {"name": "Can view document", "content_type": 4, "codename": "view_document"}}, {"model": "auth.permission", "pk": 29, "fields": {"name": "Can view image", "content_type": 5, "codename": "view_image"}}, {"model": "auth.permission", "pk": 30, "fields": {"name": "Can add rendition", "content_type": 10, "codename": "add_rendition"}}, {"model": "auth.permission", "pk": 31, "fields": {"name": "Can change rendition", "content_type": 10, "codename": "change_rendition"}}, {"model": "auth.permission", "pk": 32, "fields": {"name": "Can delete rendition", "content_type": 10, "codename": "delete_rendition"}}, {"model": "auth.permission", "pk": 33, "fields": {"name": "Can view rendition", "content_type": 10, "codename": "view_rendition"}}, {"model": "auth.permission", "pk": 34, "fields": {"name": "Can add query", "content_type": 11, "codename": "add_query"}}, {"model": "auth.permission", "pk": 35, "fields": {"name": "Can change query", "content_type": 11, "codename": "change_query"}}, {"model": "auth.permission", "pk": 36, "fields": {"name": "Can delete query", "content_type": 11, "codename": "delete_query"}}, {"model": "auth.permission", "pk": 37, "fields": {"name": "Can view query", "content_type": 11, "codename": "view_query"}}, {"model": "auth.permission", "pk": 38, "fields": {"name": "Can add Query Daily Hits", "content_type": 12, "codename": "add_querydailyhits"}}, {"model": "auth.permission", "pk": 39, "fields": {"name": "Can change Query Daily Hits", "content_type": 12, "codename": "change_querydailyhits"}}, {"model": "auth.permission", "pk": 40, "fields": {"name": "Can delete Query Daily Hits", "content_type": 12, "codename": "delete_querydailyhits"}}, {"model": "auth.permission", "pk": 41, "fields": {"name": "Can view Query Daily Hits", "content_type": 12, "codename": "view_querydailyhits"}}, {"model": "auth.permission", "pk": 42, "fields": {"name": "Can add page view restriction", "content_type": 13, "codename": "add_pageviewrestriction"}}, {"model": "auth.permission", "pk": 43, "fields": {"name": "Can change page view restriction", "content_type": 13, "codename": "change_pageviewrestriction"}}, {"model": "auth.permission", "pk": 44, "fields": {"name": "Can delete page view restriction", "content_type": 13, "codename": "delete_pageviewrestriction"}}, {"model": "auth.permission", "pk": 45, "fields": {"name": "Can view page view restriction", "content_type": 13, "codename": "view_pageviewrestriction"}}, {"model": "auth.permission", "pk": 46, "fields": {"name": "Can add collection", "content_type": 14, "codename": "add_collection"}}, {"model": "auth.permission", "pk": 47, "fields": {"name": "Can change collection", "content_type": 14, "codename": "change_collection"}}, {"model": "auth.permission", "pk": 48, "fields": {"name": "Can delete collection", "content_type": 14, "codename": "delete_collection"}}, {"model": "auth.permission", "pk": 49, "fields": {"name": "Can view collection", "content_type": 14, "codename": "view_collection"}}, {"model": "auth.permission", "pk": 50, "fields": {"name": "Can add group collection permission", "content_type": 15, "codename": "add_groupcollectionpermission"}}, {"model": "auth.permission", "pk": 51, "fields": {"name": "Can change group collection permission", "content_type": 15, "codename": "change_groupcollectionpermission"}}, {"model": "auth.permission", "pk": 52, "fields": {"name": "Can delete group collection permission", "content_type": 15, "codename": "delete_groupcollectionpermission"}}, {"model": "auth.permission", "pk": 53, "fields": {"name": "Can view group collection permission", "content_type": 15, "codename": "view_groupcollectionpermission"}}, {"model": "auth.permission", "pk": 54, "fields": {"name": "Can add collection view restriction", "content_type": 16, "codename": "add_collectionviewrestriction"}}, {"model": "auth.permission", "pk": 55, "fields": {"name": "Can change collection view restriction", "content_type": 16, "codename": "change_collectionviewrestriction"}}, {"model": "auth.permission", "pk": 56, "fields": {"name": "Can delete collection view restriction", "content_type": 16, "codename": "delete_collectionviewrestriction"}}, {"model": "auth.permission", "pk": 57, "fields": {"name": "Can view collection view restriction", "content_type": 16, "codename": "view_collectionviewrestriction"}}, {"model": "auth.permission", "pk": 58, "fields": {"name": "Can add site", "content_type": 17, "codename": "add_site"}}, {"model": "auth.permission", "pk": 59, "fields": {"name": "Can change site", "content_type": 17, "codename": "change_site"}}, {"model": "auth.permission", "pk": 60, "fields": {"name": "Can delete site", "content_type": 17, "codename": "delete_site"}}, {"model": "auth.permission", "pk": 61, "fields": {"name": "Can view site", "content_type": 17, "codename": "view_site"}}, {"model": "auth.permission", "pk": 62, "fields": {"name": "Can add page revision", "content_type": 18, "codename": "add_pagerevision"}}, {"model": "auth.permission", "pk": 63, "fields": {"name": "Can change page revision", "content_type": 18, "codename": "change_pagerevision"}}, {"model": "auth.permission", "pk": 64, "fields": {"name": "Can delete page revision", "content_type": 18, "codename": "delete_pagerevision"}}, {"model": "auth.permission", "pk": 65, "fields": {"name": "Can view page revision", "content_type": 18, "codename": "view_pagerevision"}}, {"model": "auth.permission", "pk": 66, "fields": {"name": "Can add page", "content_type": 1, "codename": "add_page"}}, {"model": "auth.permission", "pk": 67, "fields": {"name": "Can change page", "content_type": 1, "codename": "change_page"}}, {"model": "auth.permission", "pk": 68, "fields": {"name": "Can delete page", "content_type": 1, "codename": "delete_page"}}, {"model": "auth.permission", "pk": 69, "fields": {"name": "Can view page", "content_type": 1, "codename": "view_page"}}, {"model": "auth.permission", "pk": 70, "fields": {"name": "Can add group page permission", "content_type": 19, "codename": "add_grouppagepermission"}}, {"model": "auth.permission", "pk": 71, "fields": {"name": "Can change group page permission", "content_type": 19, "codename": "change_grouppagepermission"}}, {"model": "auth.permission", "pk": 72, "fields": {"name": "Can delete group page permission", "content_type": 19, "codename": "delete_grouppagepermission"}}, {"model": "auth.permission", "pk": 73, "fields": {"name": "Can view group page permission", "content_type": 19, "codename": "view_grouppagepermission"}}, {"model": "auth.permission", "pk": 74, "fields": {"name": "Can add Tag", "content_type": 20, "codename": "add_tag"}}, {"model": "auth.permission", "pk": 75, "fields": {"name": "Can change Tag", "content_type": 20, "codename": "change_tag"}}, {"model": "auth.permission", "pk": 76, "fields": {"name": "Can delete Tag", "content_type": 20, "codename": "delete_tag"}}, {"model": "auth.permission", "pk": 77, "fields": {"name": "Can view Tag", "content_type": 20, "codename": "view_tag"}}, {"model": "auth.permission", "pk": 78, "fields": {"name": "Can add Tagged Item", "content_type": 21, "codename": "add_taggeditem"}}, {"model": "auth.permission", "pk": 79, "fields": {"name": "Can change Tagged Item", "content_type": 21, "codename": "change_taggeditem"}}, {"model": "auth.permission", "pk": 80, "fields": {"name": "Can delete Tagged Item", "content_type": 21, "codename": "delete_taggeditem"}}, {"model": "auth.permission", "pk": 81, "fields": {"name": "Can view Tagged Item", "content_type": 21, "codename": "view_taggeditem"}}, {"model": "auth.permission", "pk": 82, "fields": {"name": "Can add log entry", "content_type": 22, "codename": "add_logentry"}}, {"model": "auth.permission", "pk": 83, "fields": {"name": "Can change log entry", "content_type": 22, "codename": "change_logentry"}}, {"model": "auth.permission", "pk": 84, "fields": {"name": "Can delete log entry", "content_type": 22, "codename": "delete_logentry"}}, {"model": "auth.permission", "pk": 85, "fields": {"name": "Can view log entry", "content_type": 22, "codename": "view_logentry"}}, {"model": "auth.permission", "pk": 86, "fields": {"name": "Can add permission", "content_type": 23, "codename": "add_permission"}}, {"model": "auth.permission", "pk": 87, "fields": {"name": "Can change permission", "content_type": 23, "codename": "change_permission"}}, {"model": "auth.permission", "pk": 88, "fields": {"name": "Can delete permission", "content_type": 23, "codename": "delete_permission"}}, {"model": "auth.permission", "pk": 89, "fields": {"name": "Can view permission", "content_type": 23, "codename": "view_permission"}}, {"model": "auth.permission", "pk": 90, "fields": {"name": "Can add user", "content_type": 24, "codename": "add_user"}}, {"model": "auth.permission", "pk": 91, "fields": {"name": "Can change user", "content_type": 24, "codename": "change_user"}}, {"model": "auth.permission", "pk": 92, "fields": {"name": "Can delete user", "content_type": 24, "codename": "delete_user"}}, {"model": "auth.permission", "pk": 93, "fields": {"name": "Can view user", "content_type": 24, "codename": "view_user"}}, {"model": "auth.permission", "pk": 94, "fields": {"name": "Can add group", "content_type": 25, "codename": "add_group"}}, {"model": "auth.permission", "pk": 95, "fields": {"name": "Can change group", "content_type": 25, "codename": "change_group"}}, {"model": "auth.permission", "pk": 96, "fields": {"name": "Can delete group", "content_type": 25, "codename": "delete_group"}}, {"model": "auth.permission", "pk": 97, "fields": {"name": "Can view group", "content_type": 25, "codename": "view_group"}}, {"model": "auth.permission", "pk": 98, "fields": {"name": "Can add content type", "content_type": 26, "codename": "add_contenttype"}}, {"model": "auth.permission", "pk": 99, "fields": {"name": "Can change content type", "content_type": 26, "codename": "change_contenttype"}}, {"model": "auth.permission", "pk": 100, "fields": {"name": "Can delete content type", "content_type": 26, "codename": "delete_contenttype"}}, {"model": "auth.permission", "pk": 101, "fields": {"name": "Can view content type", "content_type": 26, "codename": "view_contenttype"}}, {"model": "auth.permission", "pk": 102, "fields": {"name": "Can add session", "content_type": 27, "codename": "add_session"}}, {"model": "auth.permission", "pk": 103, "fields": {"name": "Can change session", "content_type": 27, "codename": "change_session"}}, {"model": "auth.permission", "pk": 104, "fields": {"name": "Can delete session", "content_type": 27, "codename": "delete_session"}}, {"model": "auth.permission", "pk": 105, "fields": {"name": "Can view session", "content_type": 27, "codename": "view_session"}}, {"model": "auth.permission", "pk": 106, "fields": {"name": "Can add Blog Noticias", "content_type": 28, "codename": "add_noticias"}}, {"model": "auth.permission", "pk": 107, "fields": {"name": "Can change Blog Noticias", "content_type": 28, "codename": "change_noticias"}}, {"model": "auth.permission", "pk": 108, "fields": {"name": "Can delete Blog Noticias", "content_type": 28, "codename": "delete_noticias"}}, {"model": "auth.permission", "pk": 109, "fields": {"name": "Can view Blog Noticias", "content_type": 28, "codename": "view_noticias"}}, {"model": "auth.permission", "pk": 110, "fields": {"name": "Can add slider", "content_type": 29, "codename": "add_slider"}}, {"model": "auth.permission", "pk": 111, "fields": {"name": "Can change slider", "content_type": 29, "codename": "change_slider"}}, {"model": "auth.permission", "pk": 112, "fields": {"name": "Can delete slider", "content_type": 29, "codename": "delete_slider"}}, {"model": "auth.permission", "pk": 113, "fields": {"name": "Can view slider", "content_type": 29, "codename": "view_slider"}}, {"model": "auth.permission", "pk": 114, "fields": {"name": "Can add noticia gallery image", "content_type": 30, "codename": "add_noticiagalleryimage"}}, {"model": "auth.permission", "pk": 115, "fields": {"name": "Can change noticia gallery image", "content_type": 30, "codename": "change_noticiagalleryimage"}}, {"model": "auth.permission", "pk": 116, "fields": {"name": "Can delete noticia gallery image", "content_type": 30, "codename": "delete_noticiagalleryimage"}}, {"model": "auth.permission", "pk": 117, "fields": {"name": "Can view noticia gallery image", "content_type": 30, "codename": "view_noticiagalleryimage"}}, {"model": "auth.permission", "pk": 118, "fields": {"name": "Can add Noticia", "content_type": 31, "codename": "add_noticia"}}, {"model": "auth.permission", "pk": 119, "fields": {"name": "Can change Noticia", "content_type": 31, "codename": "change_noticia"}}, {"model": "auth.permission", "pk": 120, "fields": {"name": "Can delete Noticia", "content_type": 31, "codename": "delete_noticia"}}, {"model": "auth.permission", "pk": 121, "fields": {"name": "Can view Noticia", "content_type": 31, "codename": "view_noticia"}}, {"model": "auth.permission", "pk": 122, "fields": {"name": "Can add 'Nosotros'", "content_type": 32, "codename": "add_nosotros"}}, {"model": "auth.permission", "pk": 123, "fields": {"name": "Can change 'Nosotros'", "content_type": 32, "codename": "change_nosotros"}}, {"model": "auth.permission", "pk": 124, "fields": {"name": "Can delete 'Nosotros'", "content_type": 32, "codename": "delete_nosotros"}}, {"model": "auth.permission", "pk": 125, "fields": {"name": "Can view 'Nosotros'", "content_type": 32, "codename": "view_nosotros"}}, {"model": "auth.permission", "pk": 126, "fields": {"name": "Can add 'Transparencia'", "content_type": 33, "codename": "add_transparencia"}}, {"model": "auth.permission", "pk": 127, "fields": {"name": "Can change 'Transparencia'", "content_type": 33, "codename": "change_transparencia"}}, {"model": "auth.permission", "pk": 128, "fields": {"name": "Can delete 'Transparencia'", "content_type": 33, "codename": "delete_transparencia"}}, {"model": "auth.permission", "pk": 129, "fields": {"name": "Can view 'Transparencia'", "content_type": 33, "codename": "view_transparencia"}}, {"model": "auth.permission", "pk": 130, "fields": {"name": "Can add 'Nosotros'", "content_type": 34, "codename": "add_quehacemos"}}, {"model": "auth.permission", "pk": 131, "fields": {"name": "Can change 'Nosotros'", "content_type": 34, "codename": "change_quehacemos"}}, {"model": "auth.permission", "pk": 132, "fields": {"name": "Can delete 'Nosotros'", "content_type": 34, "codename": "delete_quehacemos"}}, {"model": "auth.permission", "pk": 133, "fields": {"name": "Can view 'Nosotros'", "content_type": 34, "codename": "view_quehacemos"}}, {"model": "auth.permission", "pk": 134, "fields": {"name": "Can add 'Quienes Somos'", "content_type": 35, "codename": "add_quienessomos"}}, {"model": "auth.permission", "pk": 135, "fields": {"name": "Can change 'Quienes Somos'", "content_type": 35, "codename": "change_quienessomos"}}, {"model": "auth.permission", "pk": 136, "fields": {"name": "Can delete 'Quienes Somos'", "content_type": 35, "codename": "delete_quienessomos"}}, {"model": "auth.permission", "pk": 137, "fields": {"name": "Can view 'Quienes Somos'", "content_type": 35, "codename": "view_quienessomos"}}, {"model": "auth.permission", "pk": 138, "fields": {"name": "Can add 'DondeEstamos'", "content_type": 36, "codename": "add_dondeestamos"}}, {"model": "auth.permission", "pk": 139, "fields": {"name": "Can change 'DondeEstamos'", "content_type": 36, "codename": "change_dondeestamos"}}, {"model": "auth.permission", "pk": 140, "fields": {"name": "Can delete 'DondeEstamos'", "content_type": 36, "codename": "delete_dondeestamos"}}, {"model": "auth.permission", "pk": 141, "fields": {"name": "Can view 'DondeEstamos'", "content_type": 36, "codename": "view_dondeestamos"}}, {"model": "auth.permission", "pk": 142, "fields": {"name": "Can add 'Ayuda Difundiendo'", "content_type": 37, "codename": "add_ayudadifundiendo"}}, {"model": "auth.permission", "pk": 143, "fields": {"name": "Can change 'Ayuda Difundiendo'", "content_type": 37, "codename": "change_ayudadifundiendo"}}, {"model": "auth.permission", "pk": 144, "fields": {"name": "Can delete 'Ayuda Difundiendo'", "content_type": 37, "codename": "delete_ayudadifundiendo"}}, {"model": "auth.permission", "pk": 145, "fields": {"name": "Can view 'Ayuda Difundiendo'", "content_type": 37, "codename": "view_ayudadifundiendo"}}, {"model": "auth.permission", "pk": 146, "fields": {"name": "Can add 'Carrera'", "content_type": 38, "codename": "add_carrera"}}, {"model": "auth.permission", "pk": 147, "fields": {"name": "Can change 'Carrera'", "content_type": 38, "codename": "change_carrera"}}, {"model": "auth.permission", "pk": 148, "fields": {"name": "Can delete 'Carrera'", "content_type": 38, "codename": "delete_carrera"}}, {"model": "auth.permission", "pk": 149, "fields": {"name": "Can view 'Carrera'", "content_type": 38, "codename": "view_carrera"}}, {"model": "auth.permission", "pk": 150, "fields": {"name": "Can add 'QuieroDonar'", "content_type": 39, "codename": "add_quierodonar"}}, {"model": "auth.permission", "pk": 151, "fields": {"name": "Can change 'QuieroDonar'", "content_type": 39, "codename": "change_quierodonar"}}, {"model": "auth.permission", "pk": 152, "fields": {"name": "Can delete 'QuieroDonar'", "content_type": 39, "codename": "delete_quierodonar"}}, {"model": "auth.permission", "pk": 153, "fields": {"name": "Can view 'QuieroDonar'", "content_type": 39, "codename": "view_quierodonar"}}, {"model": "auth.permission", "pk": 154, "fields": {"name": "Can add 'Legado'", "content_type": 40, "codename": "add_legado"}}, {"model": "auth.permission", "pk": 155, "fields": {"name": "Can change 'Legado'", "content_type": 40, "codename": "change_legado"}}, {"model": "auth.permission", "pk": 156, "fields": {"name": "Can delete 'Legado'", "content_type": 40, "codename": "delete_legado"}}, {"model": "auth.permission", "pk": 157, "fields": {"name": "Can view 'Legado'", "content_type": 40, "codename": "view_legado"}}, {"model": "auth.permission", "pk": 158, "fields": {"name": "Can add 'Donde Estamos'", "content_type": 41, "codename": "add_alianzas"}}, {"model": "auth.permission", "pk": 159, "fields": {"name": "Can change 'Donde Estamos'", "content_type": 41, "codename": "change_alianzas"}}, {"model": "auth.permission", "pk": 160, "fields": {"name": "Can delete 'Donde Estamos'", "content_type": 41, "codename": "delete_alianzas"}}, {"model": "auth.permission", "pk": 161, "fields": {"name": "Can view 'Donde Estamos'", "content_type": 41, "codename": "view_alianzas"}}, {"model": "auth.permission", "pk": 162, "fields": {"name": "Can add 'App'", "content_type": 42, "codename": "add_app"}}, {"model": "auth.permission", "pk": 163, "fields": {"name": "Can change 'App'", "content_type": 42, "codename": "change_app"}}, {"model": "auth.permission", "pk": 164, "fields": {"name": "Can delete 'App'", "content_type": 42, "codename": "delete_app"}}, {"model": "auth.permission", "pk": 165, "fields": {"name": "Can view 'App'", "content_type": 42, "codename": "view_app"}}, {"model": "auth.permission", "pk": 166, "fields": {"name": "Can add 'DondeEstamos'", "content_type": 43, "codename": "add_comocolaborar"}}, {"model": "auth.permission", "pk": 167, "fields": {"name": "Can change 'DondeEstamos'", "content_type": 43, "codename": "change_comocolaborar"}}, {"model": "auth.permission", "pk": 168, "fields": {"name": "Can delete 'DondeEstamos'", "content_type": 43, "codename": "delete_comocolaborar"}}, {"model": "auth.permission", "pk": 169, "fields": {"name": "Can view 'DondeEstamos'", "content_type": 43, "codename": "view_comocolaborar"}}, {"model": "auth.permission", "pk": 170, "fields": {"name": "Can add sponsor", "content_type": 44, "codename": "add_sponsor"}}, {"model": "auth.permission", "pk": 171, "fields": {"name": "Can change sponsor", "content_type": 44, "codename": "change_sponsor"}}, {"model": "auth.permission", "pk": 172, "fields": {"name": "Can delete sponsor", "content_type": 44, "codename": "delete_sponsor"}}, {"model": "auth.permission", "pk": 173, "fields": {"name": "Can view sponsor", "content_type": 44, "codename": "view_sponsor"}}, {"model": "auth.permission", "pk": 174, "fields": {"name": "Can add sponsor app", "content_type": 45, "codename": "add_sponsorapp"}}, {"model": "auth.permission", "pk": 175, "fields": {"name": "Can change sponsor app", "content_type": 45, "codename": "change_sponsorapp"}}, {"model": "auth.permission", "pk": 176, "fields": {"name": "Can delete sponsor app", "content_type": 45, "codename": "delete_sponsorapp"}}, {"model": "auth.permission", "pk": 177, "fields": {"name": "Can view sponsor app", "content_type": 45, "codename": "view_sponsorapp"}}, {"model": "auth.permission", "pk": 178, "fields": {"name": "Can add sponsor class", "content_type": 46, "codename": "add_sponsorclass"}}, {"model": "auth.permission", "pk": 179, "fields": {"name": "Can change sponsor class", "content_type": 46, "codename": "change_sponsorclass"}}, {"model": "auth.permission", "pk": 180, "fields": {"name": "Can delete sponsor class", "content_type": 46, "codename": "delete_sponsorclass"}}, {"model": "auth.permission", "pk": 181, "fields": {"name": "Can view sponsor class", "content_type": 46, "codename": "view_sponsorclass"}}, {"model": "auth.permission", "pk": 182, "fields": {"name": "Can add sponsor carrera", "content_type": 47, "codename": "add_sponsorcarrera"}}, {"model": "auth.permission", "pk": 183, "fields": {"name": "Can change sponsor carrera", "content_type": 47, "codename": "change_sponsorcarrera"}}, {"model": "auth.permission", "pk": 184, "fields": {"name": "Can delete sponsor carrera", "content_type": 47, "codename": "delete_sponsorcarrera"}}, {"model": "auth.permission", "pk": 185, "fields": {"name": "Can view sponsor carrera", "content_type": 47, "codename": "view_sponsorcarrera"}}, {"model": "auth.permission", "pk": 186, "fields": {"name": "Can add video_ old", "content_type": 48, "codename": "add_video_old"}}, {"model": "auth.permission", "pk": 187, "fields": {"name": "Can change video_ old", "content_type": 48, "codename": "change_video_old"}}, {"model": "auth.permission", "pk": 188, "fields": {"name": "Can delete video_ old", "content_type": 48, "codename": "delete_video_old"}}, {"model": "auth.permission", "pk": 189, "fields": {"name": "Can view video_ old", "content_type": 48, "codename": "view_video_old"}}, {"model": "auth.permission", "pk": 190, "fields": {"name": "Can add Carrera", "content_type": 49, "codename": "add_carreras"}}, {"model": "auth.permission", "pk": 191, "fields": {"name": "Can change Carrera", "content_type": 49, "codename": "change_carreras"}}, {"model": "auth.permission", "pk": 192, "fields": {"name": "Can delete Carrera", "content_type": 49, "codename": "delete_carreras"}}, {"model": "auth.permission", "pk": 193, "fields": {"name": "Can view Carrera", "content_type": 49, "codename": "view_carreras"}}, {"model": "auth.permission", "pk": 194, "fields": {"name": "Can add alianza", "content_type": 50, "codename": "add_alianza"}}, {"model": "auth.permission", "pk": 195, "fields": {"name": "Can change alianza", "content_type": 50, "codename": "change_alianza"}}, {"model": "auth.permission", "pk": 196, "fields": {"name": "Can delete alianza", "content_type": 50, "codename": "delete_alianza"}}, {"model": "auth.permission", "pk": 197, "fields": {"name": "Can view alianza", "content_type": 50, "codename": "view_alianza"}}, {"model": "auth.permission", "pk": 198, "fields": {"name": "Can add memoria", "content_type": 51, "codename": "add_memoria"}}, {"model": "auth.permission", "pk": 199, "fields": {"name": "Can change memoria", "content_type": 51, "codename": "change_memoria"}}, {"model": "auth.permission", "pk": 200, "fields": {"name": "Can delete memoria", "content_type": 51, "codename": "delete_memoria"}}, {"model": "auth.permission", "pk": 201, "fields": {"name": "Can view memoria", "content_type": 51, "codename": "view_memoria"}}, {"model": "taggit.taggeditem", "pk": 1, "fields": {"tag": 1, "content_type": 5, "object_id": 1}}, {"model": "taggit.taggeditem", "pk": 2, "fields": {"tag": 2, "content_type": 5, "object_id": 2}}, {"model": "taggit.taggeditem", "pk": 3, "fields": {"tag": 3, "content_type": 5, "object_id": 3}}, {"model": "taggit.taggeditem", "pk": 4, "fields": {"tag": 4, "content_type": 5, "object_id": 4}}, {"model": "taggit.taggeditem", "pk": 5, "fields": {"tag": 5, "content_type": 5, "object_id": 5}}, {"model": "taggit.taggeditem", "pk": 6, "fields": {"tag": 6, "content_type": 4, "object_id": 1}}, {"model": "taggit.taggeditem", "pk": 7, "fields": {"tag": 7, "content_type": 4, "object_id": 2}}, {"model": "taggit.taggeditem", "pk": 8, "fields": {"tag": 8, "content_type": 5, "object_id": 10}}, {"model": "taggit.taggeditem", "pk": 9, "fields": {"tag": 9, "content_type": 5, "object_id": 12}}, {"model": "taggit.taggeditem", "pk": 10, "fields": {"tag": 10, "content_type": 5, "object_id": 13}}, {"model": "taggit.taggeditem", "pk": 11, "fields": {"tag": 11, "content_type": 5, "object_id": 15}}, {"model": "taggit.taggeditem", "pk": 12, "fields": {"tag": 12, "content_type": 5, "object_id": 16}}, {"model": "taggit.taggeditem", "pk": 13, "fields": {"tag": 13, "content_type": 5, "object_id": 17}}, {"model": "taggit.taggeditem", "pk": 14, "fields": {"tag": 14, "content_type": 5, "object_id": 18}}, {"model": "taggit.taggeditem", "pk": 15, "fields": {"tag": 15, "content_type": 5, "object_id": 19}}, {"model": "taggit.taggeditem", "pk": 16, "fields": {"tag": 16, "content_type": 5, "object_id": 20}}, {"model": "taggit.taggeditem", "pk": 17, "fields": {"tag": 17, "content_type": 5, "object_id": 21}}, {"model": "taggit.taggeditem", "pk": 18, "fields": {"tag": 18, "content_type": 5, "object_id": 21}}, {"model": "taggit.taggeditem", "pk": 19, "fields": {"tag": 19, "content_type": 5, "object_id": 22}}, {"model": "taggit.taggeditem", "pk": 20, "fields": {"tag": 20, "content_type": 5, "object_id": 24}}, {"model": "taggit.taggeditem", "pk": 21, "fields": {"tag": 21, "content_type": 5, "object_id": 24}}, {"model": "taggit.taggeditem", "pk": 22, "fields": {"tag": 14, "content_type": 5, "object_id": 24}}, {"model": "auth.group", "pk": 1, "fields": {"name": "Moderators", "permissions": [1, 2, 3, 4, 5, 6, 7]}}, {"model": "auth.group", "pk": 2, "fields": {"name": "Editors", "permissions": [1, 2, 3, 4, 5, 6, 7]}}, {"model": "auth.user", "pk": 1, "fields": {"password": "pbkdf2_sha256$120000$lMR1oKATyZzD$01pf8DPnzip4lPfWsRUxsWvkXCyxNMNjCI+ZF0QcOj0=", "last_login": "2019-03-18T16:45:13.824Z", "is_superuser": true, "username": "porlosjovenes", "first_name": "", "last_name": "", "email": "", "is_staff": true, "is_active": true, "date_joined": "2019-03-18T16:44:18.080Z", "groups": [], "user_permissions": []}}, {"model": "auth.user", "pk": 3, "fields": {"password": "pbkdf2_sha256$120000$hALFCZBBQbud$KMM/zxZh7qoN0qi/M9lQ7PfrJWhRCv7GI3Z9Etd2ylY=", "last_login": "2019-04-12T19:20:30.947Z", "is_superuser": true, "username": "admin", "first_name": "", "last_name": "", "email": "", "is_staff": true, "is_active": true, "date_joined": "2019-04-04T14:22:10.674Z", "groups": [], "user_permissions": []}}, {"model": "wagtailcore.groupcollectionpermission", "pk": 1, "fields": {"group": 2, "collection": 1, "permission": 2}}, {"model": "wagtailcore.groupcollectionpermission", "pk": 2, "fields": {"group": 1, "collection": 1, "permission": 2}}, {"model": "wagtailcore.groupcollectionpermission", "pk": 3, "fields": {"group": 2, "collection": 1, "permission": 3}}, {"model": "wagtailcore.groupcollectionpermission", "pk": 4, "fields": {"group": 1, "collection": 1, "permission": 3}}, {"model": "wagtailcore.groupcollectionpermission", "pk": 5, "fields": {"group": 2, "collection": 1, "permission": 5}}, {"model": "wagtailcore.groupcollectionpermission", "pk": 6, "fields": {"group": 1, "collection": 1, "permission": 5}}, {"model": "wagtailcore.groupcollectionpermission", "pk": 7, "fields": {"group": 2, "collection": 1, "permission": 6}}, {"model": "wagtailcore.groupcollectionpermission", "pk": 8, "fields": {"group": 1, "collection": 1, "permission": 6}}, {"model": "wagtailcore.grouppagepermission", "pk": 1, "fields": {"group": 1, "page": 1, "permission_type": "add"}}, {"model": "wagtailcore.grouppagepermission", "pk": 2, "fields": {"group": 1, "page": 1, "permission_type": "edit"}}, {"model": "wagtailcore.grouppagepermission", "pk": 3, "fields": {"group": 1, "page": 1, "permission_type": "publish"}}, {"model": "wagtailcore.grouppagepermission", "pk": 4, "fields": {"group": 2, "page": 1, "permission_type": "add"}}, {"model": "wagtailcore.grouppagepermission", "pk": 5, "fields": {"group": 2, "page": 1, "permission_type": "edit"}}, {"model": "wagtailcore.grouppagepermission", "pk": 6, "fields": {"group": 1, "page": 1, "permission_type": "lock"}}, {"model": "wagtailcore.pagerevision", "pk": 10, "fields": {"page": 10, "submitted_for_moderation": false, "created_at": "2019-04-10T06:50:39.474Z", "user": 3, "content_json": "{\"last_published_at\": null, \"owner\": 3, \"slug\": \"nosotros\", \"title\": \"Nosotros\", \"url_path\": \"/home/nosotros/\", \"live\": false, \"locked\": false, \"numchild\": 0, \"show_in_menus\": false, \"draft_title\": \"Nosotros\", \"expired\": false, \"go_live_at\": null, \"content_type\": 32, \"seo_title\": \"\", \"live_revision\": null, \"has_unpublished_changes\": false, \"depth\": 3, \"path\": \"000100010001\", \"latest_revision_created_at\": null, \"first_published_at\": null, \"expire_at\": null, \"search_description\": \"\", \"pk\": 10}", "approved_go_live_at": null}}, {"model": "wagtailcore.pagerevision", "pk": 11, "fields": {"page": 11, "submitted_for_moderation": false, "created_at": "2019-04-10T06:51:42.886Z", "user": 3, "content_json": "{\"last_published_at\": null, \"owner\": 3, \"slug\": \"que-hacemos\", \"title\": \"Que Hacemos\", \"url_path\": \"/home/que-hacemos/\", \"live\": false, \"locked\": false, \"numchild\": 0, \"show_in_menus\": false, \"draft_title\": \"Que Hacemos\", \"expired\": false, \"go_live_at\": null, \"content_type\": 34, \"seo_title\": \"\", \"live_revision\": null, \"has_unpublished_changes\": false, \"depth\": 3, \"path\": \"000100010002\", \"latest_revision_created_at\": null, \"first_published_at\": null, \"expire_at\": null, \"search_description\": \"\", \"pk\": 11}", "approved_go_live_at": null}}, {"model": "wagtailcore.pagerevision", "pk": 12, "fields": {"page": 11, "submitted_for_moderation": false, "created_at": "2019-04-10T06:51:51.554Z", "user": 3, "content_json": "{\"last_published_at\": null, \"owner\": 3, \"slug\": \"que-hacemos\", \"title\": \"Que Hacemos\", \"url_path\": \"/home/que-hacemos/\", \"live\": false, \"locked\": false, \"numchild\": 0, \"show_in_menus\": false, \"draft_title\": \"Que Hacemos\", \"expired\": false, \"go_live_at\": null, \"content_type\": 34, \"seo_title\": \"\", \"live_revision\": null, \"has_unpublished_changes\": true, \"depth\": 3, \"path\": \"000100010002\", \"latest_revision_created_at\": \"2019-04-10T06:51:42.886Z\", \"first_published_at\": null, \"expire_at\": null, \"search_description\": \"\", \"pk\": 11}", "approved_go_live_at": null}}, {"model": "wagtailcore.pagerevision", "pk": 13, "fields": {"page": 12, "submitted_for_moderation": false, "created_at": "2019-04-10T06:52:27.051Z", "user": 3, "content_json": "{\"last_published_at\": null, \"owner\": 3, \"slug\": \"noticias\", \"title\": \"Noticias\", \"url_path\": \"/home/noticias/\", \"live\": false, \"locked\": false, \"numchild\": 0, \"show_in_menus\": false, \"draft_title\": \"Noticias\", \"expired\": false, \"go_live_at\": null, \"content_type\": 28, \"seo_title\": \"\", \"live_revision\": null, \"has_unpublished_changes\": false, \"depth\": 3, \"path\": \"000100010003\", \"latest_revision_created_at\": null, \"first_published_at\": null, \"expire_at\": null, \"search_description\": \"\", \"pk\": 12}", "approved_go_live_at": null}}, {"model": "wagtailcore.pagerevision", "pk": 14, "fields": {"page": 13, "submitted_for_moderation": false, "created_at": "2019-04-10T06:57:48.766Z", "user": 3, "content_json": "{\"last_published_at\": null, \"owner\": 3, \"slug\": \"donde-estamos\", \"title\": \"Donde Estamos\", \"url_path\": \"/home/nosotros/donde-estamos/\", \"live\": false, \"locked\": false, \"numchild\": 0, \"show_in_menus\": false, \"draft_title\": \"Donde Estamos\", \"expired\": false, \"go_live_at\": null, \"content_type\": 36, \"seo_title\": \"\", \"live_revision\": null, \"has_unpublished_changes\": false, \"depth\": 4, \"path\": \"0001000100010001\", \"latest_revision_created_at\": null, \"first_published_at\": null, \"expire_at\": null, \"search_description\": \"\", \"pk\": 13}", "approved_go_live_at": null}}, {"model": "wagtailcore.pagerevision", "pk": 15, "fields": {"page": 13, "submitted_for_moderation": false, "created_at": "2019-04-10T06:58:16.634Z", "user": 3, "content_json": "{\"last_published_at\": null, \"owner\": 3, \"slug\": \"donde-estamos\", \"title\": \"Donde Estamos\", \"url_path\": \"/home/nosotros/donde-estamos/\", \"live\": false, \"locked\": false, \"numchild\": 0, \"show_in_menus\": false, \"draft_title\": \"Donde Estamos\", \"expired\": false, \"go_live_at\": null, \"content_type\": 36, \"seo_title\": \"\", \"live_revision\": null, \"has_unpublished_changes\": true, \"depth\": 4, \"path\": \"0001000100010001\", \"latest_revision_created_at\": \"2019-04-10T06:57:48.766Z\", \"first_published_at\": null, \"expire_at\": null, \"search_description\": \"\", \"pk\": 13}", "approved_go_live_at": null}}, {"model": "wagtailcore.pagerevision", "pk": 16, "fields": {"page": 14, "submitted_for_moderation": false, "created_at": "2019-04-10T06:58:40.203Z", "user": 3, "content_json": "{\"last_published_at\": null, \"owner\": 3, \"slug\": \"quienes-somos\", \"title\": \"Quienes Somos\", \"url_path\": \"/home/nosotros/quienes-somos/\", \"live\": false, \"locked\": false, \"numchild\": 0, \"show_in_menus\": false, \"draft_title\": \"Quienes Somos\", \"expired\": false, \"go_live_at\": null, \"content_type\": 35, \"seo_title\": \"\", \"live_revision\": null, \"has_unpublished_changes\": false, \"depth\": 4, \"path\": \"0001000100010002\", \"latest_revision_created_at\": null, \"first_published_at\": null, \"expire_at\": null, \"search_description\": \"\", \"pk\": 14}", "approved_go_live_at": null}}, {"model": "wagtailcore.pagerevision", "pk": 17, "fields": {"page": 15, "submitted_for_moderation": false, "created_at": "2019-04-10T07:00:50.077Z", "user": 3, "content_json": "{\"last_published_at\": null, \"owner\": 3, \"slug\": \"transparencia\", \"title\": \"Transparencia\", \"url_path\": \"/home/nosotros/transparencia/\", \"live\": true, \"locked\": false, \"numchild\": 0, \"show_in_menus\": false, \"draft_title\": \"Transparencia\", \"expired\": false, \"go_live_at\": null, \"content_type\": 33, \"seo_title\": \"\", \"live_revision\": null, \"has_unpublished_changes\": false, \"depth\": 4, \"path\": \"0001000100010003\", \"latest_revision_created_at\": null, \"first_published_at\": null, \"expire_at\": null, \"search_description\": \"\", \"pk\": 15}", "approved_go_live_at": null}}, {"model": "wagtailcore.pagerevision", "pk": 18, "fields": {"page": 16, "submitted_for_moderation": false, "created_at": "2019-04-10T07:32:01.309Z", "user": 3, "content_json": "{\"numchild\": 0, \"depth\": 3, \"live\": false, \"owner\": 3, \"locked\": false, \"pk\": 16, \"has_unpublished_changes\": false, \"slug\": \"app\", \"last_published_at\": null, \"expired\": false, \"live_revision\": null, \"expire_at\": null, \"latest_revision_created_at\": null, \"first_published_at\": null, \"go_live_at\": null, \"content_type\": 42, \"title\": \"App\", \"draft_title\": \"App\", \"show_in_menus\": false, \"path\": \"000100010004\", \"search_description\": \"\", \"seo_title\": \"\", \"url_path\": \"/home/app/\"}", "approved_go_live_at": null}}, {"model": "wagtailcore.pagerevision", "pk": 19, "fields": {"page": 16, "submitted_for_moderation": false, "created_at": "2019-04-10T07:32:07.719Z", "user": 3, "content_json": "{\"numchild\": 0, \"depth\": 3, \"live\": false, \"owner\": 3, \"locked\": false, \"pk\": 16, \"has_unpublished_changes\": true, \"slug\": \"app\", \"last_published_at\": null, \"expired\": false, \"live_revision\": null, \"expire_at\": null, \"latest_revision_created_at\": \"2019-04-10T07:32:01.309Z\", \"first_published_at\": null, \"go_live_at\": null, \"content_type\": 42, \"title\": \"App\", \"draft_title\": \"App\", \"show_in_menus\": false, \"path\": \"000100010004\", \"search_description\": \"\", \"seo_title\": \"\", \"url_path\": \"/home/app/\"}", "approved_go_live_at": null}}, {"model": "wagtailcore.pagerevision", "pk": 20, "fields": {"page": 17, "submitted_for_moderation": false, "created_at": "2019-04-10T07:32:43.473Z", "user": 3, "content_json": "{\"numchild\": 0, \"depth\": 3, \"live\": false, \"owner\": 3, \"locked\": false, \"pk\": 17, \"has_unpublished_changes\": false, \"slug\": \"carrera\", \"last_published_at\": null, \"expired\": false, \"live_revision\": null, \"expire_at\": null, \"latest_revision_created_at\": null, \"first_published_at\": null, \"go_live_at\": null, \"content_type\": 38, \"title\": \"Carrera\", \"draft_title\": \"Carrera\", \"show_in_menus\": false, \"path\": \"000100010005\", \"search_description\": \"\", \"seo_title\": \"\", \"url_path\": \"/home/carrera/\"}", "approved_go_live_at": null}}, {"model": "wagtailcore.pagerevision", "pk": 21, "fields": {"page": 17, "submitted_for_moderation": false, "created_at": "2019-04-10T07:32:53.476Z", "user": 3, "content_json": "{\"numchild\": 0, \"depth\": 3, \"live\": false, \"owner\": 3, \"locked\": false, \"pk\": 17, \"has_unpublished_changes\": true, \"slug\": \"carrera\", \"last_published_at\": null, \"expired\": false, \"live_revision\": null, \"expire_at\": null, \"latest_revision_created_at\": \"2019-04-10T07:32:43.473Z\", \"first_published_at\": null, \"go_live_at\": null, \"content_type\": 38, \"title\": \"Carrera\", \"draft_title\": \"Carrera\", \"show_in_menus\": false, \"path\": \"000100010005\", \"search_description\": \"\", \"seo_title\": \"\", \"url_path\": \"/home/carrera/\"}", "approved_go_live_at": null}}, {"model": "wagtailcore.pagerevision", "pk": 22, "fields": {"page": 18, "submitted_for_moderation": false, "created_at": "2019-04-10T07:36:22.992Z", "user": 3, "content_json": "{\"content_type\": 43, \"slug\": \"como-colaborar\", \"numchild\": 0, \"live_revision\": null, \"expire_at\": null, \"latest_revision_created_at\": null, \"locked\": false, \"first_published_at\": null, \"title\": \"Como Colaborar\", \"last_published_at\": null, \"search_description\": \"\", \"path\": \"000100010006\", \"draft_title\": \"Como Colaborar\", \"expired\": false, \"has_unpublished_changes\": false, \"pk\": 18, \"seo_title\": \"\", \"depth\": 3, \"url_path\": \"/home/como-colaborar/\", \"live\": false, \"show_in_menus\": false, \"owner\": 3, \"go_live_at\": null}", "approved_go_live_at": null}}, {"model": "wagtailcore.pagerevision", "pk": 23, "fields": {"page": 18, "submitted_for_moderation": false, "created_at": "2019-04-10T07:36:42.111Z", "user": 3, "content_json": "{\"content_type\": 43, \"slug\": \"como-colaborar\", \"numchild\": 0, \"live_revision\": null, \"expire_at\": null, \"latest_revision_created_at\": \"2019-04-10T07:36:22.992Z\", \"locked\": false, \"first_published_at\": null, \"title\": \"Como Colaborar\", \"last_published_at\": null, \"search_description\": \"\", \"path\": \"000100010006\", \"draft_title\": \"Como Colaborar\", \"expired\": false, \"has_unpublished_changes\": true, \"pk\": 18, \"seo_title\": \"\", \"depth\": 3, \"url_path\": \"/home/como-colaborar/\", \"live\": false, \"show_in_menus\": false, \"owner\": 3, \"go_live_at\": null}", "approved_go_live_at": null}}, {"model": "wagtailcore.pagerevision", "pk": 24, "fields": {"page": 19, "submitted_for_moderation": false, "created_at": "2019-04-10T07:39:26.349Z", "user": 3, "content_json": "{\"content_type\": 41, \"slug\": \"alianzas\", \"numchild\": 0, \"live_revision\": null, \"expire_at\": null, \"latest_revision_created_at\": null, \"locked\": false, \"first_published_at\": null, \"title\": \"Alianzas\", \"last_published_at\": null, \"search_description\": \"\", \"path\": \"0001000100060001\", \"draft_title\": \"Alianzas\", \"expired\": false, \"has_unpublished_changes\": false, \"pk\": 19, \"seo_title\": \"\", \"depth\": 4, \"url_path\": \"/home/como-colaborar/alianzas/\", \"live\": false, \"show_in_menus\": false, \"owner\": 3, \"go_live_at\": null}", "approved_go_live_at": null}}, {"model": "wagtailcore.pagerevision", "pk": 25, "fields": {"page": 19, "submitted_for_moderation": false, "created_at": "2019-04-10T07:39:32.457Z", "user": 3, "content_json": "{\"content_type\": 41, \"slug\": \"alianzas\", \"numchild\": 0, \"live_revision\": null, \"expire_at\": null, \"latest_revision_created_at\": \"2019-04-10T07:39:26.349Z\", \"locked\": false, \"first_published_at\": null, \"title\": \"Alianzas\", \"last_published_at\": null, \"search_description\": \"\", \"path\": \"0001000100060001\", \"draft_title\": \"Alianzas\", \"expired\": false, \"has_unpublished_changes\": true, \"pk\": 19, \"seo_title\": \"\", \"depth\": 4, \"url_path\": \"/home/como-colaborar/alianzas/\", \"live\": false, \"show_in_menus\": false, \"owner\": 3, \"go_live_at\": null}", "approved_go_live_at": null}}, {"model": "wagtailcore.pagerevision", "pk": 26, "fields": {"page": 20, "submitted_for_moderation": false, "created_at": "2019-04-10T07:39:59.275Z", "user": 3, "content_json": "{\"content_type\": 37, \"slug\": \"ayuda-difundiendo\", \"numchild\": 0, \"live_revision\": null, \"expire_at\": null, \"latest_revision_created_at\": null, \"locked\": false, \"first_published_at\": null, \"title\": \"Ayuda Difundiendo\", \"last_published_at\": null, \"search_description\": \"\", \"path\": \"0001000100060002\", \"draft_title\": \"Ayuda Difundiendo\", \"expired\": false, \"has_unpublished_changes\": false, \"pk\": 20, \"seo_title\": \"\", \"depth\": 4, \"url_path\": \"/home/como-colaborar/ayuda-difundiendo/\", \"live\": true, \"show_in_menus\": false, \"owner\": 3, \"go_live_at\": null}", "approved_go_live_at": null}}, {"model": "wagtailcore.pagerevision", "pk": 27, "fields": {"page": 21, "submitted_for_moderation": false, "created_at": "2019-04-10T07:43:46.427Z", "user": 3, "content_json": "{\"content_type\": 40, \"slug\": \"legado\", \"numchild\": 0, \"live_revision\": null, \"expire_at\": null, \"latest_revision_created_at\": null, \"locked\": false, \"first_published_at\": null, \"title\": \"Legado\", \"last_published_at\": null, \"search_description\": \"\", \"path\": \"0001000100050003\", \"draft_title\": \"Legado\", \"expired\": false, \"has_unpublished_changes\": false, \"pk\": 21, \"seo_title\": \"\", \"depth\": 4, \"url_path\": \"/home/como-colaborar/legado/\", \"live\": false, \"show_in_menus\": false, \"owner\": 3, \"go_live_at\": null}", "approved_go_live_at": null}}, {"model": "wagtailcore.pagerevision", "pk": 28, "fields": {"page": 21, "submitted_for_moderation": false, "created_at": "2019-04-10T07:44:00.323Z", "user": 3, "content_json": "{\"content_type\": 40, \"slug\": \"legado\", \"numchild\": 0, \"live_revision\": null, \"expire_at\": null, \"latest_revision_created_at\": \"2019-04-10T07:43:46.427Z\", \"locked\": false, \"first_published_at\": null, \"title\": \"Legado\", \"last_published_at\": null, \"search_description\": \"\", \"path\": \"0001000100050003\", \"draft_title\": \"Legado\", \"expired\": false, \"has_unpublished_changes\": true, \"pk\": 21, \"seo_title\": \"\", \"depth\": 4, \"url_path\": \"/home/como-colaborar/legado/\", \"live\": false, \"show_in_menus\": false, \"owner\": 3, \"go_live_at\": null}", "approved_go_live_at": null}}, {"model": "wagtailcore.pagerevision", "pk": 29, "fields": {"page": 21, "submitted_for_moderation": false, "created_at": "2019-04-10T07:44:03.896Z", "user": 3, "content_json": "{\"content_type\": 40, \"slug\": \"legado\", \"numchild\": 0, \"live_revision\": null, \"expire_at\": null, \"latest_revision_created_at\": \"2019-04-10T07:44:00.323Z\", \"locked\": false, \"first_published_at\": null, \"title\": \"Legado\", \"last_published_at\": null, \"search_description\": \"\", \"path\": \"0001000100050003\", \"draft_title\": \"Legado\", \"expired\": false, \"has_unpublished_changes\": true, \"pk\": 21, \"seo_title\": \"\", \"depth\": 4, \"url_path\": \"/home/como-colaborar/legado/\", \"live\": false, \"show_in_menus\": false, \"owner\": 3, \"go_live_at\": null}", "approved_go_live_at": null}}, {"model": "wagtailcore.pagerevision", "pk": 30, "fields": {"page": 22, "submitted_for_moderation": false, "created_at": "2019-04-10T07:44:52.915Z", "user": 3, "content_json": "{\"content_type\": 39, \"slug\": \"quiero-donar\", \"numchild\": 0, \"live_revision\": null, \"expire_at\": null, \"latest_revision_created_at\": null, \"locked\": false, \"first_published_at\": null, \"title\": \"Quiero Donar\", \"last_published_at\": null, \"search_description\": \"\", \"path\": \"0001000100050004\", \"draft_title\": \"Quiero Donar\", \"expired\": false, \"has_unpublished_changes\": false, \"pk\": 22, \"seo_title\": \"\", \"depth\": 4, \"url_path\": \"/home/como-colaborar/quiero-donar/\", \"live\": true, \"show_in_menus\": false, \"owner\": 3, \"go_live_at\": null}", "approved_go_live_at": null}}, {"model": "wagtailcore.pagerevision", "pk": 32, "fields": {"page": 24, "submitted_for_moderation": false, "created_at": "2019-04-10T10:02:09.366Z", "user": 3, "content_json": "{\"url_sponsor\": \"https://www.racingclub.com.ar/racingsolidario/\", \"draft_title\": \"Racing Solidario\", \"latest_revision_created_at\": null, \"live_revision\": null, \"slug\": \"racing-solidario\", \"seo_title\": \"\", \"live\": true, \"numchild\": 0, \"nombre_sponsor\": \"Racing Club\", \"path\": \"0001000100060001\", \"first_published_at\": null, \"go_live_at\": null, \"owner\": 3, \"pk\": 24, \"locked\": false, \"title\": \"Racing Solidario\", \"url_path\": \"/home/app/racing-solidario/\", \"content_type\": 44, \"imagen_sponsor\": 3, \"expire_at\": null, \"has_unpublished_changes\": false, \"depth\": 4, \"show_in_menus\": false, \"expired\": false, \"search_description\": \"\", \"last_published_at\": null}", "approved_go_live_at": null}}, {"model": "wagtailcore.pagerevision", "pk": 35, "fields": {"page": 27, "submitted_for_moderation": false, "created_at": "2019-04-10T13:04:47.110Z", "user": 3, "content_json": "{\"first_published_at\": null, \"slug\": \"mostaza\", \"imagen_sponsor\": 4, \"last_published_at\": null, \"expired\": false, \"live_revision\": null, \"latest_revision_created_at\": null, \"content_type\": 44, \"pk\": 27, \"go_live_at\": null, \"nombre_sponsor\": \"Mostaza\", \"draft_title\": \"Mostaza\", \"locked\": false, \"title\": \"Mostaza\", \"path\": \"0001000100060002\", \"url_path\": \"/home/app/mostaza/\", \"search_description\": \"\", \"numchild\": 0, \"live\": true, \"seo_title\": \"\", \"has_unpublished_changes\": false, \"url_sponsor\": \"http://www.mostazaweb.com.ar/\", \"owner\": 3, \"show_in_menus\": false, \"depth\": 4, \"expire_at\": null}", "approved_go_live_at": null}}, {"model": "wagtailcore.pagerevision", "pk": 36, "fields": {"page": 16, "submitted_for_moderation": false, "created_at": "2019-04-10T13:32:47.253Z", "user": 3, "content_json": "{\"live\": true, \"seo_title\": \"\", \"live_revision\": 19, \"first_published_at\": \"2019-04-10T07:32:08.083Z\", \"draft_title\": \"App\", \"search_description\": \"\", \"expired\": false, \"content_type\": 42, \"has_unpublished_changes\": false, \"pk\": 16, \"last_published_at\": \"2019-04-10T07:32:08.083Z\", \"expire_at\": null, \"go_live_at\": null, \"show_in_menus\": false, \"url_path\": \"/home/app/\", \"depth\": 3, \"latest_revision_created_at\": \"2019-04-10T07:32:07.719Z\", \"path\": \"000100010006\", \"video_url\": \"https://youtu.be/EFu-Mdl7Rck\", \"slug\": \"app\", \"title\": \"App\", \"numchild\": 2, \"owner\": 3, \"locked\": false}", "approved_go_live_at": null}}, {"model": "wagtailcore.pagerevision", "pk": 37, "fields": {"page": 16, "submitted_for_moderation": false, "created_at": "2019-04-10T13:46:14.642Z", "user": 3, "content_json": "{\"has_unpublished_changes\": false, \"expired\": false, \"path\": \"000100010006\", \"first_published_at\": \"2019-04-10T07:32:08.083Z\", \"owner\": 3, \"expire_at\": null, \"latest_revision_created_at\": \"2019-04-10T13:32:47.253Z\", \"content_type\": 42, \"pk\": 16, \"video_code\": \"EFu-Mdl7Rck\", \"numchild\": 2, \"title\": \"App\", \"slug\": \"app\", \"last_published_at\": \"2019-04-10T13:32:47.693Z\", \"locked\": false, \"draft_title\": \"App\", \"live_revision\": 36, \"url_path\": \"/home/app/\", \"depth\": 3, \"show_in_menus\": false, \"live\": true, \"go_live_at\": null, \"seo_title\": \"\", \"search_description\": \"\"}", "approved_go_live_at": null}}, {"model": "wagtailcore.pagerevision", "pk": 38, "fields": {"page": 17, "submitted_for_moderation": false, "created_at": "2019-04-10T15:04:18.651Z", "user": 3, "content_json": "{\"depth\": 3, \"expire_at\": null, \"seo_title\": \"\", \"show_in_menus\": false, \"title\": \"Carrera\", \"first_published_at\": \"2019-04-10T07:32:53.912Z\", \"path\": \"000100010007\", \"video_code\": \"EFu-Mdl7Rck\", \"slug\": \"carrera\", \"search_description\": \"\", \"live_revision\": 21, \"locked\": false, \"live\": true, \"expired\": false, \"last_published_at\": \"2019-04-10T07:32:53.912Z\", \"url_path\": \"/home/carrera/\", \"numchild\": 2, \"draft_title\": \"Carrera\", \"owner\": 3, \"has_unpublished_changes\": false, \"content_type\": 38, \"go_live_at\": null, \"latest_revision_created_at\": \"2019-04-10T07:32:53.476Z\", \"pk\": 17}", "approved_go_live_at": null}}, {"model": "wagtailcore.pagerevision", "pk": 39, "fields": {"page": 16, "submitted_for_moderation": false, "created_at": "2019-04-10T15:37:40.840Z", "user": 3, "content_json": "{\"content_type\": 42, \"owner\": 3, \"locked\": false, \"search_description\": \"\", \"numchild\": 2, \"expire_at\": null, \"draft_title\": \"App\", \"show_in_menus\": false, \"seo_title\": \"\", \"video_code\": \"EFu-Mdl7Rck\", \"path\": \"000100010006\", \"last_published_at\": \"2019-04-10T13:46:15.119Z\", \"url_path\": \"/home/app/\", \"has_unpublished_changes\": false, \"go_live_at\": null, \"first_published_at\": \"2019-04-10T07:32:08.083Z\", \"expired\": false, \"live_revision\": 37, \"carousel_sponsor\": [{\"content_type\": 45, \"owner\": null, \"locked\": false, \"search_description\": \"\", \"page\": 16, \"numchild\": 0, \"expire_at\": null, \"draft_title\": \"\", \"show_in_menus\": false, \"seo_title\": \"\", \"path\": \"\", \"url_sponsor\": null, \"last_published_at\": null, \"url_path\": \"\", \"has_unpublished_changes\": false, \"go_live_at\": null, \"first_published_at\": null, \"expired\": false, \"live_revision\": null, \"nombre_sponsor\": \"Racing Solidario\", \"live\": true, \"pk\": null, \"slug\": \"\", \"latest_revision_created_at\": null, \"depth\": null, \"imagen_sponsor\": 2, \"title\": \"\"}], \"live\": true, \"pk\": 16, \"slug\": \"app\", \"latest_revision_created_at\": \"2019-04-10T13:46:14.642Z\", \"depth\": 3, \"title\": \"App\"}", "approved_go_live_at": null}}, {"model": "wagtailcore.pagerevision", "pk": 40, "fields": {"page": 16, "submitted_for_moderation": false, "created_at": "2019-04-10T15:42:44.947Z", "user": 3, "content_json": "{\"content_type\": 42, \"owner\": 3, \"locked\": false, \"search_description\": \"\", \"numchild\": 2, \"expire_at\": null, \"draft_title\": \"App\", \"show_in_menus\": false, \"seo_title\": \"\", \"video_code\": \"EFu-Mdl7Rck\", \"path\": \"000100010006\", \"last_published_at\": \"2019-04-10T13:46:15.119Z\", \"url_path\": \"/home/app/\", \"has_unpublished_changes\": true, \"go_live_at\": null, \"first_published_at\": \"2019-04-10T07:32:08.083Z\", \"expired\": false, \"live_revision\": 37, \"carousel_sponsor\": [{\"content_type\": 45, \"owner\": null, \"locked\": false, \"search_description\": \"\", \"page\": 16, \"numchild\": 0, \"expire_at\": null, \"draft_title\": \"\", \"show_in_menus\": false, \"seo_title\": \"\", \"path\": \"\", \"url_sponsor\": \"https://www.racingclub.com.ar/racingsolidario/\", \"last_published_at\": null, \"url_path\": \"\", \"has_unpublished_changes\": false, \"go_live_at\": null, \"first_published_at\": null, \"expired\": false, \"live_revision\": null, \"nombre_sponsor\": \"Racing\", \"live\": true, \"pk\": null, \"slug\": \"\", \"latest_revision_created_at\": null, \"depth\": null, \"imagen_sponsor\": 3, \"title\": \"\"}, {\"content_type\": 45, \"owner\": null, \"locked\": false, \"search_description\": \"\", \"page\": 16, \"numchild\": 0, \"expire_at\": null, \"draft_title\": \"\", \"show_in_menus\": false, \"seo_title\": \"\", \"path\": \"\", \"url_sponsor\": \"https://www.nivea.com.ar/\", \"last_published_at\": null, \"url_path\": \"\", \"has_unpublished_changes\": false, \"go_live_at\": null, \"first_published_at\": null, \"expired\": false, \"live_revision\": null, \"nombre_sponsor\": \"Nivea\", \"live\": true, \"pk\": null, \"slug\": \"\", \"latest_revision_created_at\": null, \"depth\": null, \"imagen_sponsor\": 5, \"title\": \"\"}], \"live\": true, \"pk\": 16, \"slug\": \"app\", \"latest_revision_created_at\": \"2019-04-10T15:37:40.840Z\", \"depth\": 3, \"title\": \"App\"}", "approved_go_live_at": null}}, {"model": "wagtailcore.pagerevision", "pk": 41, "fields": {"page": 16, "submitted_for_moderation": false, "created_at": "2019-04-10T15:50:03.401Z", "user": 3, "content_json": "{\"show_in_menus\": false, \"numchild\": 2, \"video_code\": \"EFu-Mdl7Rck\", \"carousel_sponsor\": [{\"nombre_sponsor\": \"Racing\", \"imagen_sponsor\": 3, \"url_sponsor\": \"https://www.racingclub.com.ar/racingsolidario/\", \"pk\": null, \"page\": 16, \"sort_order\": 0}, {\"nombre_sponsor\": \"Nivea\", \"imagen_sponsor\": 5, \"url_sponsor\": \"https://www.nivea.com.ar/\", \"pk\": null, \"page\": 16, \"sort_order\": 1}], \"live\": true, \"expired\": false, \"last_published_at\": \"2019-04-10T13:46:15.119Z\", \"owner\": 3, \"seo_title\": \"\", \"title\": \"App\", \"expire_at\": null, \"go_live_at\": null, \"pk\": 16, \"has_unpublished_changes\": true, \"locked\": false, \"depth\": 3, \"first_published_at\": \"2019-04-10T07:32:08.083Z\", \"content_type\": 42, \"path\": \"000100010006\", \"live_revision\": 37, \"draft_title\": \"App\", \"slug\": \"app\", \"search_description\": \"\", \"url_path\": \"/home/app/\", \"latest_revision_created_at\": \"2019-04-10T15:42:44.947Z\"}", "approved_go_live_at": null}}, {"model": "wagtailcore.pagerevision", "pk": 42, "fields": {"page": 16, "submitted_for_moderation": false, "created_at": "2019-04-10T17:22:36.272Z", "user": 3, "content_json": "{\"seo_title\": \"\", \"last_published_at\": \"2019-04-10T15:50:03.970Z\", \"has_unpublished_changes\": false, \"locked\": false, \"draft_title\": \"App\", \"go_live_at\": null, \"pk\": 16, \"depth\": 3, \"live\": true, \"latest_revision_created_at\": \"2019-04-10T15:50:03.401Z\", \"expire_at\": null, \"show_in_menus\": false, \"carousel_sponsor_app\": [{\"page\": 16, \"nombre_sponsor\": \"Racing Solidario\", \"sort_order\": 0, \"url_sponsor\": null, \"pk\": null, \"imagen_sponsor\": 3}, {\"page\": 16, \"nombre_sponsor\": \"Nivea\", \"sort_order\": 1, \"url_sponsor\": null, \"pk\": null, \"imagen_sponsor\": 5}, {\"page\": 16, \"nombre_sponsor\": \"Mostaza\", \"sort_order\": 2, \"url_sponsor\": null, \"pk\": null, \"imagen_sponsor\": 4}], \"first_published_at\": \"2019-04-10T07:32:08.083Z\", \"path\": \"000100010006\", \"title\": \"App\", \"slug\": \"app\", \"search_description\": \"\", \"content_type\": 42, \"numchild\": 2, \"video_code\": \"EFu-Mdl7Rck\", \"expired\": false, \"url_path\": \"/home/app/\", \"owner\": 3, \"live_revision\": 41}", "approved_go_live_at": null}}, {"model": "wagtailcore.pagerevision", "pk": 43, "fields": {"page": 17, "submitted_for_moderation": false, "created_at": "2019-04-10T17:23:31.811Z", "user": 3, "content_json": "{\"seo_title\": \"\", \"last_published_at\": \"2019-04-10T15:04:19.290Z\", \"has_unpublished_changes\": false, \"locked\": false, \"draft_title\": \"Carrera\", \"go_live_at\": null, \"pk\": 17, \"depth\": 3, \"live\": true, \"latest_revision_created_at\": \"2019-04-10T15:04:18.651Z\", \"expire_at\": null, \"show_in_menus\": false, \"first_published_at\": \"2019-04-10T07:32:53.912Z\", \"path\": \"000100010007\", \"title\": \"Carrera\", \"slug\": \"carrera\", \"carousel_sponsor_carrera\": [{\"page\": 17, \"nombre_sponsor\": \"Racing Solidario\", \"sort_order\": 0, \"url_sponsor\": null, \"pk\": null, \"imagen_sponsor\": 3}, {\"page\": 17, \"nombre_sponsor\": \"Mostaza\", \"sort_order\": 1, \"url_sponsor\": null, \"pk\": null, \"imagen_sponsor\": 4}], \"search_description\": \"\", \"content_type\": 38, \"numchild\": 2, \"video_code\": \"EFu-Mdl7Rck\", \"expired\": false, \"url_path\": \"/home/carrera/\", \"owner\": 3, \"live_revision\": 38}", "approved_go_live_at": null}}, {"model": "wagtailcore.pagerevision", "pk": 44, "fields": {"page": 17, "submitted_for_moderation": false, "created_at": "2019-04-10T17:24:14.272Z", "user": 3, "content_json": "{\"seo_title\": \"\", \"last_published_at\": \"2019-04-10T15:04:19.290Z\", \"has_unpublished_changes\": true, \"locked\": false, \"draft_title\": \"Carrera\", \"go_live_at\": null, \"pk\": 17, \"depth\": 3, \"live\": true, \"latest_revision_created_at\": \"2019-04-10T17:23:31.811Z\", \"expire_at\": null, \"show_in_menus\": false, \"first_published_at\": \"2019-04-10T07:32:53.912Z\", \"path\": \"000100010007\", \"title\": \"Carrera\", \"slug\": \"carrera\", \"carousel_sponsor_carrera\": [{\"page\": 17, \"nombre_sponsor\": \"Racing Solidario\", \"sort_order\": 0, \"url_sponsor\": null, \"pk\": null, \"imagen_sponsor\": 3}, {\"page\": 17, \"nombre_sponsor\": \"Mostaza\", \"sort_order\": 1, \"url_sponsor\": null, \"pk\": null, \"imagen_sponsor\": 4}], \"search_description\": \"\", \"content_type\": 38, \"numchild\": 2, \"video_code\": \"EFu-Mdl7Rck\", \"expired\": false, \"url_path\": \"/home/carrera/\", \"owner\": 3, \"live_revision\": 38}", "approved_go_live_at": null}}, {"model": "wagtailcore.pagerevision", "pk": 45, "fields": {"page": 17, "submitted_for_moderation": false, "created_at": "2019-04-10T17:42:09.411Z", "user": 3, "content_json": "{\"seo_title\": \"\", \"show_in_menus\": false, \"title\": \"Carrera\", \"url_path\": \"/home/carrera/\", \"latest_revision_created_at\": \"2019-04-10T17:24:14.272Z\", \"locked\": false, \"carousel_videos_anteriores\": [{\"sort_order\": 0, \"pk\": null, \"video_code\": \"FRFENxD830c\", \"page\": 17}, {\"sort_order\": 1, \"pk\": null, \"video_code\": \"Ve90f44ShWE\", \"page\": 17}, {\"sort_order\": 2, \"pk\": null, \"video_code\": \"EFu-Mdl7Rck\", \"page\": 17}], \"live_revision\": 44, \"live\": true, \"draft_title\": \"Carrera\", \"has_unpublished_changes\": false, \"carousel_sponsor_carrera\": [{\"page\": 17, \"pk\": 4, \"sort_order\": 0, \"imagen_sponsor\": 3, \"url_sponsor\": null, \"nombre_sponsor\": \"Racing Solidario\"}, {\"page\": 17, \"pk\": 5, \"sort_order\": 1, \"imagen_sponsor\": 4, \"url_sponsor\": null, \"nombre_sponsor\": \"Mostaza\"}], \"first_published_at\": \"2019-04-10T07:32:53.912Z\", \"search_description\": \"\", \"pk\": 17, \"depth\": 3, \"last_published_at\": \"2019-04-10T17:24:14.786Z\", \"slug\": \"carrera\", \"numchild\": 2, \"owner\": 3, \"path\": \"000100010007\", \"expire_at\": null, \"expired\": false, \"content_type\": 38, \"go_live_at\": null}", "approved_go_live_at": null}}, {"model": "wagtailcore.pagerevision", "pk": 46, "fields": {"page": 17, "submitted_for_moderation": false, "created_at": "2019-04-10T17:53:29.392Z", "user": 3, "content_json": "{\"owner\": 3, \"seo_title\": \"\", \"slug\": \"carrera\", \"pk\": 17, \"path\": \"000100010007\", \"depth\": 3, \"carousel_sponsor_carrera\": [{\"page\": 17, \"sort_order\": 0, \"url_sponsor\": null, \"pk\": 4, \"imagen_sponsor\": 3, \"nombre_sponsor\": \"Racing Solidario\"}, {\"page\": 17, \"sort_order\": 1, \"url_sponsor\": null, \"pk\": 5, \"imagen_sponsor\": 4, \"nombre_sponsor\": \"Mostaza\"}], \"live\": true, \"numchild\": 2, \"show_in_menus\": false, \"latest_revision_created_at\": \"2019-04-10T17:42:09.411Z\", \"carousel_videos_anteriores\": [{\"pk\": 1, \"page\": 17, \"video_code\": \"FRFENxD830c\", \"sort_order\": 0}, {\"pk\": 2, \"page\": 17, \"video_code\": \"Ve90f44ShWE\", \"sort_order\": 1}, {\"pk\": 3, \"page\": 17, \"video_code\": \"9f8GQ7UutSE\", \"sort_order\": 2}], \"content_type\": 38, \"first_published_at\": \"2019-04-10T07:32:53.912Z\", \"url_path\": \"/home/carrera/\", \"expired\": false, \"draft_title\": \"Carrera\", \"go_live_at\": null, \"locked\": false, \"has_unpublished_changes\": false, \"title\": \"Carrera\", \"expire_at\": null, \"search_description\": \"\", \"last_published_at\": \"2019-04-10T17:42:10.067Z\", \"live_revision\": 45}", "approved_go_live_at": null}}, {"model": "wagtailcore.pagerevision", "pk": 47, "fields": {"page": 28, "submitted_for_moderation": false, "created_at": "2019-04-10T18:47:38.871Z", "user": 3, "content_json": "{\"expire_at\": null, \"descripcion_categoria\": \"Categoria Familiar\", \"distancia\": \"1\", \"pk\": 28, \"inscripcion_url\": \"https://sportick.com.ar/sis/users/start/evento/dba\", \"valor\": \"300\", \"live_revision\": null, \"expired\": false, \"latest_revision_created_at\": null, \"last_published_at\": null, \"slug\": \"carrera-1k\", \"locked\": false, \"title\": \"Carrera 1k\", \"content_type\": 49, \"live\": false, \"draft_title\": \"Carrera 1k\", \"owner\": 3, \"first_published_at\": null, \"path\": \"0001000100070003\", \"depth\": 4, \"numchild\": 0, \"search_description\": \"\", \"has_unpublished_changes\": false, \"seo_title\": \"\", \"url_path\": \"/home/carrera/carrera-1k/\", \"show_in_menus\": false, \"go_live_at\": null}", "approved_go_live_at": null}}, {"model": "wagtailcore.pagerevision", "pk": 48, "fields": {"page": 28, "submitted_for_moderation": false, "created_at": "2019-04-10T19:03:56.380Z", "user": 3, "content_json": "{\"depth\": 4, \"latest_revision_created_at\": \"2019-04-10T18:47:38.871Z\", \"title\": \"Carrera 1k\", \"numchild\": 0, \"owner\": 3, \"expire_at\": null, \"draft_title\": \"Carrera 1k\", \"live_revision\": null, \"first_published_at\": null, \"locked\": false, \"url_path\": \"/home/carrera/carrera-1k/\", \"live\": false, \"content_type\": 49, \"go_live_at\": null, \"slug\": \"carrera-1k\", \"has_unpublished_changes\": true, \"last_published_at\": null, \"pk\": 28, \"valor\": 300, \"show_in_menus\": false, \"descripcion_categoria\": \"Categoria Familiar\", \"expired\": false, \"seo_title\": \"\", \"path\": \"0001000100070003\", \"distancia\": \"1 KM\", \"inscripcion_url\": \"https://sportick.com.ar/sis/users/start/evento/dba\", \"search_description\": \"\"}", "approved_go_live_at": null}}, {"model": "wagtailcore.pagerevision", "pk": 49, "fields": {"page": 28, "submitted_for_moderation": false, "created_at": "2019-04-10T19:04:03.289Z", "user": 3, "content_json": "{\"depth\": 4, \"latest_revision_created_at\": \"2019-04-10T19:03:56.380Z\", \"title\": \"Carrera 1k\", \"numchild\": 0, \"owner\": 3, \"expire_at\": null, \"draft_title\": \"Carrera 1k\", \"live_revision\": null, \"first_published_at\": null, \"locked\": false, \"url_path\": \"/home/carrera/carrera-1k/\", \"live\": false, \"content_type\": 49, \"go_live_at\": null, \"slug\": \"carrera-1k\", \"has_unpublished_changes\": true, \"last_published_at\": null, \"pk\": 28, \"valor\": 300, \"show_in_menus\": false, \"descripcion_categoria\": \"Categoria Familiar\", \"expired\": false, \"seo_title\": \"\", \"path\": \"0001000100070003\", \"distancia\": \"1 KM\", \"inscripcion_url\": \"https://sportick.com.ar/sis/users/start/evento/dba\", \"search_description\": \"\"}", "approved_go_live_at": null}}, {"model": "wagtailcore.pagerevision", "pk": 50, "fields": {"page": 29, "submitted_for_moderation": false, "created_at": "2019-04-10T19:12:10.984Z", "user": 3, "content_json": "{\"expired\": false, \"distancia\": \"3 KM\", \"pk\": 29, \"valor\": 460, \"inscripcion_url\": \"https://sportick.com.ar/sis/users/start/evento/dba\", \"descripcion_categoria\": \"Categoria Participativa\", \"latest_revision_created_at\": null, \"path\": \"0001000100070004\", \"title\": \"Carrera 3K\", \"slug\": \"carrera-3k\", \"draft_title\": \"Carrera 3K\", \"numchild\": 0, \"seo_title\": \"\", \"expire_at\": null, \"has_unpublished_changes\": false, \"last_published_at\": null, \"depth\": 4, \"locked\": false, \"live\": true, \"url_path\": \"/home/carrera/carrera-3k/\", \"go_live_at\": null, \"owner\": 3, \"first_published_at\": null, \"content_type\": 49, \"show_in_menus\": false, \"search_description\": \"\", \"live_revision\": null}", "approved_go_live_at": null}}, {"model": "wagtailcore.pagerevision", "pk": 51, "fields": {"page": 30, "submitted_for_moderation": false, "created_at": "2019-04-10T19:14:04.673Z", "user": 3, "content_json": "{\"expired\": false, \"distancia\": \"10 KM\", \"pk\": 30, \"valor\": 500, \"inscripcion_url\": \"https://sportick.com.ar/sis/users/start/evento/dba\", \"descripcion_categoria\": \"Categoria Competitiva\", \"latest_revision_created_at\": null, \"path\": \"0001000100070005\", \"title\": \"Carrera 10K\", \"slug\": \"carrera-10k\", \"draft_title\": \"Carrera 10K\", \"numchild\": 0, \"seo_title\": \"\", \"expire_at\": null, \"has_unpublished_changes\": false, \"last_published_at\": null, \"depth\": 4, \"locked\": false, \"live\": true, \"url_path\": \"/home/carrera/carrera-10k/\", \"go_live_at\": null, \"owner\": 3, \"first_published_at\": null, \"content_type\": 49, \"show_in_menus\": false, \"search_description\": \"\", \"live_revision\": null}", "approved_go_live_at": null}}, {"model": "wagtailcore.pagerevision", "pk": 52, "fields": {"page": 17, "submitted_for_moderation": false, "created_at": "2019-04-10T19:46:45.226Z", "user": 3, "content_json": "{\"owner\": 3, \"seo_title\": \"\", \"imagen_superior_vertical\": 7, \"live\": true, \"expire_at\": null, \"draft_title\": \"Carrera\", \"carousel_sponsor_carrera\": [{\"imagen_sponsor\": 3, \"url_sponsor\": null, \"sort_order\": 0, \"page\": 17, \"nombre_sponsor\": \"Racing Solidario\", \"pk\": 4}, {\"imagen_sponsor\": 4, \"url_sponsor\": null, \"sort_order\": 1, \"page\": 17, \"nombre_sponsor\": \"Mostaza\", \"pk\": 5}], \"search_description\": \"\", \"carousel_videos_anteriores\": [{\"sort_order\": 0, \"video_code\": \"FRFENxD830c\", \"page\": 17, \"pk\": 1}, {\"sort_order\": 1, \"video_code\": \"Ve90f44ShWE\", \"page\": 17, \"pk\": 2}, {\"sort_order\": 2, \"video_code\": \"9f8GQ7UutSE\", \"page\": 17, \"pk\": 3}], \"pk\": 17, \"content_type\": 38, \"slug\": \"carrera\", \"expired\": false, \"path\": \"000100010007\", \"live_revision\": 46, \"depth\": 3, \"locked\": false, \"has_unpublished_changes\": false, \"url_path\": \"/home/carrera/\", \"imagen_superior_horizontal\": 6, \"show_in_menus\": false, \"last_published_at\": \"2019-04-10T17:53:30.126Z\", \"first_published_at\": \"2019-04-10T07:32:53.912Z\", \"latest_revision_created_at\": \"2019-04-10T17:53:29.392Z\", \"go_live_at\": null, \"title\": \"Carrera\", \"numchild\": 3}", "approved_go_live_at": null}}, {"model": "wagtailcore.pagerevision", "pk": 53, "fields": {"page": 17, "submitted_for_moderation": false, "created_at": "2019-04-10T20:33:13.765Z", "user": 3, "content_json": "{\"show_in_menus\": false, \"depth\": 3, \"first_published_at\": \"2019-04-10T07:32:53.912Z\", \"owner\": 3, \"pk\": 17, \"has_unpublished_changes\": false, \"expire_at\": null, \"go_live_at\": null, \"carousel_sponsor_carrera\": [{\"imagen_sponsor\": 3, \"url_sponsor\": null, \"sort_order\": 0, \"page\": 17, \"nombre_sponsor\": \"Racing Solidario\", \"pk\": 4}, {\"imagen_sponsor\": 4, \"url_sponsor\": null, \"sort_order\": 1, \"page\": 17, \"nombre_sponsor\": \"Mostaza\", \"pk\": 5}], \"url_path\": \"/home/carrera/\", \"title\": \"Carrera\", \"live_revision\": 52, \"seo_title\": \"\", \"content_type\": 38, \"carousel_videos_anteriores\": [{\"video_code\": \"FRFENxD830c\", \"sort_order\": 0, \"page\": 17, \"pk\": 1}, {\"video_code\": \"Ve90f44ShWE\", \"sort_order\": 1, \"page\": 17, \"pk\": 2}, {\"video_code\": \"9f8GQ7UutSE\", \"sort_order\": 2, \"page\": 17, \"pk\": 3}], \"draft_title\": \"Carrera\", \"last_published_at\": \"2019-04-10T19:46:45.982Z\", \"slug\": \"carrera\", \"imagen_superior_horizontal\": 8, \"locked\": false, \"live\": true, \"path\": \"000100010007\", \"search_description\": \"\", \"expired\": false, \"numchild\": 3, \"latest_revision_created_at\": \"2019-04-10T19:46:45.226Z\", \"imagen_superior_vertical\": 9}", "approved_go_live_at": null}}, {"model": "wagtailcore.pagerevision", "pk": 54, "fields": {"page": 17, "submitted_for_moderation": false, "created_at": "2019-04-10T22:50:23.155Z", "user": 3, "content_json": "{\"politica_menores\": 2, \"carousel_videos_anteriores\": [{\"video_code\": \"FRFENxD830c\", \"page\": 17, \"pk\": 1, \"sort_order\": 0}, {\"video_code\": \"Ve90f44ShWE\", \"page\": 17, \"pk\": 2, \"sort_order\": 1}, {\"video_code\": \"9f8GQ7UutSE\", \"page\": 17, \"pk\": 3, \"sort_order\": 2}], \"carousel_sponsor_carrera\": [{\"nombre_sponsor\": \"Racing Solidario\", \"url_sponsor\": null, \"pk\": 4, \"page\": 17, \"imagen_sponsor\": 3, \"sort_order\": 0}, {\"nombre_sponsor\": \"Mostaza\", \"url_sponsor\": null, \"pk\": 5, \"page\": 17, \"imagen_sponsor\": 4, \"sort_order\": 1}], \"seo_title\": \"\", \"search_description\": \"\", \"expired\": false, \"go_live_at\": null, \"depth\": 3, \"live\": true, \"content_type\": 38, \"title\": \"Carrera\", \"numchild\": 3, \"owner\": 3, \"has_unpublished_changes\": false, \"path\": \"000100010007\", \"imagen_superior_horizontal\": 8, \"locked\": false, \"reglamento\": 1, \"draft_title\": \"Carrera\", \"pk\": 17, \"slug\": \"carrera\", \"live_revision\": 53, \"last_published_at\": \"2019-04-10T20:33:14.559Z\", \"url_path\": \"/home/carrera/\", \"expire_at\": null, \"show_in_menus\": false, \"first_published_at\": \"2019-04-10T07:32:53.912Z\", \"imagen_superior_vertical\": 9, \"latest_revision_created_at\": \"2019-04-10T20:33:13.765Z\"}", "approved_go_live_at": null}}, {"model": "wagtailcore.pagerevision", "pk": 55, "fields": {"page": 17, "submitted_for_moderation": false, "created_at": "2019-04-10T23:15:41.538Z", "user": 3, "content_json": "{\"pk\": 17, \"latest_revision_created_at\": \"2019-04-10T22:50:23.155Z\", \"expire_at\": null, \"search_description\": \"\", \"has_unpublished_changes\": false, \"numchild\": 3, \"depth\": 3, \"first_published_at\": \"2019-04-10T07:32:53.912Z\", \"last_published_at\": \"2019-04-10T22:50:24.378Z\", \"go_live_at\": null, \"carousel_videos_anteriores\": [{\"pk\": 1, \"sort_order\": 0, \"page\": 17, \"video_code\": \"FRFENxD830c\"}, {\"pk\": 2, \"sort_order\": 1, \"page\": 17, \"video_code\": \"Ve90f44ShWE\"}, {\"pk\": 3, \"sort_order\": 2, \"page\": 17, \"video_code\": \"9f8GQ7UutSE\"}], \"live_revision\": 54, \"owner\": 3, \"imagen_superior_vertical\": 9, \"live\": true, \"expired\": false, \"seo_title\": \"\", \"path\": \"000100010007\", \"draft_title\": \"Carrera\", \"politica_menores\": 2, \"content_type\": 38, \"slug\": \"carrera\", \"imagen_superior_horizontal\": 8, \"imagen_inferior_vertical\": 11, \"title\": \"Carrera\", \"locked\": false, \"imagen_inferior_horizontal\": 10, \"url_path\": \"/home/carrera/\", \"reglamento\": 1, \"show_in_menus\": false, \"carousel_sponsor_carrera\": [{\"pk\": 4, \"page\": 17, \"nombre_sponsor\": \"Racing Solidario\", \"url_sponsor\": null, \"sort_order\": 0, \"imagen_sponsor\": 3}, {\"pk\": 5, \"page\": 17, \"nombre_sponsor\": \"Mostaza\", \"url_sponsor\": null, \"sort_order\": 1, \"imagen_sponsor\": 4}]}", "approved_go_live_at": null}}, {"model": "wagtailcore.pagerevision", "pk": 56, "fields": {"page": 17, "submitted_for_moderation": false, "created_at": "2019-04-10T23:30:27.262Z", "user": 3, "content_json": "{\"pk\": 17, \"latest_revision_created_at\": \"2019-04-10T23:15:41.538Z\", \"expire_at\": \"2019-04-10T23:32:00Z\", \"search_description\": \"\", \"has_unpublished_changes\": false, \"numchild\": 3, \"depth\": 3, \"first_published_at\": \"2019-04-10T07:32:53.912Z\", \"last_published_at\": \"2019-04-10T23:15:42.673Z\", \"go_live_at\": \"2019-04-03T23:29:00Z\", \"carousel_videos_anteriores\": [{\"pk\": 1, \"sort_order\": 0, \"page\": 17, \"video_code\": \"FRFENxD830c\"}, {\"pk\": 2, \"sort_order\": 1, \"page\": 17, \"video_code\": \"Ve90f44ShWE\"}, {\"pk\": 3, \"sort_order\": 2, \"page\": 17, \"video_code\": \"9f8GQ7UutSE\"}], \"live_revision\": 55, \"owner\": 3, \"imagen_superior_vertical\": 9, \"live\": true, \"expired\": false, \"seo_title\": \"\", \"path\": \"000100010007\", \"draft_title\": \"Carrera\", \"politica_menores\": 2, \"content_type\": 38, \"slug\": \"carrera\", \"imagen_superior_horizontal\": 8, \"imagen_inferior_vertical\": 11, \"title\": \"Carrera\", \"locked\": false, \"imagen_inferior_horizontal\": 10, \"url_path\": \"/home/carrera/\", \"reglamento\": 1, \"show_in_menus\": false, \"carousel_sponsor_carrera\": [{\"pk\": 4, \"page\": 17, \"nombre_sponsor\": \"Racing Solidario\", \"url_sponsor\": null, \"sort_order\": 0, \"imagen_sponsor\": 3}, {\"pk\": 5, \"page\": 17, \"nombre_sponsor\": \"Mostaza\", \"url_sponsor\": null, \"sort_order\": 1, \"imagen_sponsor\": 4}]}", "approved_go_live_at": null}}, {"model": "wagtailcore.pagerevision", "pk": 57, "fields": {"page": 17, "submitted_for_moderation": false, "created_at": "2019-04-11T00:28:58.737Z", "user": 3, "content_json": "{\"seo_title\": \"Carrera\", \"path\": \"000100010007\", \"go_live_at\": null, \"show_in_menus\": false, \"reglamento\": 1, \"carousel_videos_anteriores\": [{\"page\": 17, \"pk\": 1, \"video_code\": \"FRFENxD830c\", \"sort_order\": 0}, {\"page\": 17, \"pk\": 2, \"video_code\": \"Ve90f44ShWE\", \"sort_order\": 1}, {\"page\": 17, \"pk\": 3, \"video_code\": \"9f8GQ7UutSE\", \"sort_order\": 2}], \"first_published_at\": \"2019-04-10T07:32:53.912Z\", \"title\": \"Carrera\", \"latest_revision_created_at\": \"2019-04-10T23:30:27.262Z\", \"numchild\": 3, \"slug\": \"carrera\", \"depth\": 3, \"owner\": 3, \"expire_at\": null, \"url_path\": \"/home/carrera/\", \"politica_menores\": 2, \"has_unpublished_changes\": false, \"pk\": 17, \"imagen_superior_vertical\": 9, \"draft_title\": \"Carrera\", \"search_description\": \"Promocion de Carreras Solidarias\", \"expired\": false, \"imagen_inferior_horizontal\": 10, \"content_type\": 38, \"imagen_superior_horizontal\": 8, \"imagen_inferior_vertical\": 11, \"live\": true, \"last_published_at\": \"2019-04-10T23:30:28.297Z\", \"live_revision\": 56, \"locked\": false, \"carousel_sponsor_carrera\": [{\"page\": 17, \"nombre_sponsor\": \"Racing Solidario\", \"sort_order\": 0, \"pk\": 4, \"url_sponsor\": null, \"imagen_sponsor\": 3}, {\"page\": 17, \"nombre_sponsor\": \"Mostaza\", \"sort_order\": 1, \"pk\": 5, \"url_sponsor\": null, \"imagen_sponsor\": 4}]}", "approved_go_live_at": null}}, {"model": "wagtailcore.pagerevision", "pk": 58, "fields": {"page": 17, "submitted_for_moderation": false, "created_at": "2019-04-11T00:37:27.869Z", "user": 3, "content_json": "{\"owner\": 3, \"imagen_inferior_mapa\": 10, \"has_unpublished_changes\": false, \"seo_title\": \"Carrera\", \"live_revision\": 57, \"expire_at\": null, \"path\": \"000100010007\", \"reglamento\": 1, \"carousel_sponsor_carrera\": [{\"nombre_sponsor\": \"Racing Solidario\", \"sort_order\": 0, \"pk\": 4, \"imagen_sponsor\": 3, \"page\": 17, \"url_sponsor\": null}, {\"nombre_sponsor\": \"Mostaza\", \"sort_order\": 1, \"pk\": 5, \"imagen_sponsor\": 4, \"page\": 17, \"url_sponsor\": null}], \"live\": true, \"show_in_menus\": false, \"expired\": false, \"pk\": 17, \"imagen_inferior_kit\": 11, \"depth\": 3, \"imagen_superior_horizontal\": 8, \"carousel_videos_anteriores\": [{\"pk\": 1, \"sort_order\": 0, \"page\": 17, \"video_code\": \"FRFENxD830c\"}, {\"pk\": 2, \"sort_order\": 1, \"page\": 17, \"video_code\": \"Ve90f44ShWE\"}, {\"pk\": 3, \"sort_order\": 2, \"page\": 17, \"video_code\": \"9f8GQ7UutSE\"}], \"content_type\": 38, \"last_published_at\": \"2019-04-11T00:28:59.812Z\", \"url_path\": \"/home/carrera/\", \"locked\": false, \"title\": \"Carrera\", \"slug\": \"carrera\", \"numchild\": 3, \"latest_revision_created_at\": \"2019-04-11T00:28:58.737Z\", \"search_description\": \"Promocion de Carreras Solidarias\", \"draft_title\": \"Carrera\", \"politica_menores\": 2, \"imagen_superior_vertical\": 9, \"first_published_at\": \"2019-04-10T07:32:53.912Z\", \"go_live_at\": null}", "approved_go_live_at": null}}, {"model": "wagtailcore.pagerevision", "pk": 59, "fields": {"page": 20, "submitted_for_moderation": false, "created_at": "2019-04-11T00:53:51.072Z", "user": 3, "content_json": "{\"draft_title\": \"Ayuda Difundiendo\", \"content_type\": 37, \"go_live_at\": null, \"first_published_at\": \"2019-04-10T07:39:59.633Z\", \"show_in_menus\": false, \"has_unpublished_changes\": false, \"live_revision\": 26, \"url_path\": \"/home/como-colaborar/ayuda-difundiendo/\", \"last_published_at\": \"2019-04-10T07:39:59.633Z\", \"live\": true, \"numchild\": 0, \"depth\": 4, \"locked\": false, \"search_description\": \"\", \"title\": \"Ayuda Difundiendo\", \"imagen_principal\": 12, \"latest_revision_created_at\": \"2019-04-10T07:39:59.275Z\", \"expired\": false, \"slug\": \"ayuda-difundiendo\", \"seo_title\": \"\", \"pk\": 20, \"expire_at\": null, \"path\": \"0001000100050002\", \"owner\": 3}", "approved_go_live_at": null}}, {"model": "wagtailcore.pagerevision", "pk": 60, "fields": {"page": 22, "submitted_for_moderation": false, "created_at": "2019-04-11T01:12:12.950Z", "user": 3, "content_json": "{\"show_in_menus\": false, \"last_published_at\": \"2019-04-10T07:44:53.309Z\", \"owner\": 3, \"title\": \"Quiero Donar\", \"imagen_principal\": 13, \"slug\": \"quiero-donar\", \"live\": true, \"path\": \"0001000100050004\", \"pk\": 22, \"expire_at\": null, \"search_description\": \"\", \"seo_title\": \"\", \"live_revision\": 30, \"url_path\": \"/home/como-colaborar/quiero-donar/\", \"draft_title\": \"Quiero Donar\", \"expired\": false, \"depth\": 4, \"locked\": false, \"content_type\": 39, \"numchild\": 0, \"go_live_at\": null, \"has_unpublished_changes\": false, \"first_published_at\": \"2019-04-10T07:44:53.309Z\", \"latest_revision_created_at\": \"2019-04-10T07:44:52.915Z\"}", "approved_go_live_at": null}}, {"model": "wagtailcore.pagerevision", "pk": 61, "fields": {"page": 22, "submitted_for_moderation": false, "created_at": "2019-04-11T01:33:01.942Z", "user": 3, "content_json": "{\"locked\": false, \"imagen_principal\": 13, \"has_unpublished_changes\": false, \"latest_revision_created_at\": \"2019-04-11T01:12:12.950Z\", \"show_in_menus\": false, \"depth\": 4, \"owner\": 3, \"url_path\": \"/home/como-colaborar/quiero-donar/\", \"pk\": 22, \"go_live_at\": null, \"draft_title\": \"Quiero Donar\", \"content_type\": 39, \"expired\": false, \"last_published_at\": \"2019-04-11T01:12:13.427Z\", \"slug\": \"quiero-donar\", \"live\": true, \"url_aumentar\": \"https://donbosco.secure.force.com/contacto\", \"numchild\": 0, \"expire_at\": null, \"seo_title\": \"\", \"path\": \"0001000100050004\", \"title\": \"Quiero Donar\", \"first_published_at\": \"2019-04-10T07:44:53.309Z\", \"url_donar\": \"https://donbosco.secure.force.com/porlosjovenes\", \"search_description\": \"\", \"live_revision\": 60}", "approved_go_live_at": null}}, {"model": "wagtailcore.pagerevision", "pk": 62, "fields": {"page": 22, "submitted_for_moderation": false, "created_at": "2019-04-11T01:37:07.266Z", "user": 3, "content_json": "{\"search_description\": \"\", \"depth\": 4, \"pk\": 22, \"last_published_at\": \"2019-04-11T01:33:02.457Z\", \"slug\": \"quiero-donar\", \"draft_title\": \"Quiero Donar\", \"locked\": false, \"path\": \"0001000100050004\", \"latest_revision_created_at\": \"2019-04-11T01:33:01.942Z\", \"expire_at\": null, \"content_type\": 39, \"numchild\": 0, \"go_live_at\": null, \"expired\": false, \"has_unpublished_changes\": false, \"imagen_principal\": 13, \"live\": true, \"seo_title\": \"\", \"owner\": 3, \"title\": \"Quiero Donar\", \"url_path\": \"/home/como-colaborar/quiero-donar/\", \"url_aumentar\": \"https://donbosco.secure.force.com/contacto\", \"live_revision\": 61, \"first_published_at\": \"2019-04-10T07:44:53.309Z\", \"url_donar\": \"https://donbosco.secure.force.com/porlosjovenes\", \"show_in_menus\": false}", "approved_go_live_at": null}}, {"model": "wagtailcore.pagerevision", "pk": 63, "fields": {"page": 21, "submitted_for_moderation": false, "created_at": "2019-04-11T01:54:26.810Z", "user": 3, "content_json": "{\"owner\": 3, \"title\": \"Legado\", \"expire_at\": null, \"url_path\": \"/home/como-colaborar/legado/\", \"path\": \"0001000100050003\", \"numchild\": 0, \"pk\": 21, \"live_revision\": 29, \"latest_revision_created_at\": \"2019-04-10T07:44:03.896Z\", \"draft_title\": \"Legado\", \"has_unpublished_changes\": false, \"expired\": false, \"locked\": false, \"live\": true, \"search_description\": \"\", \"slug\": \"legado\", \"seo_title\": \"\", \"content_type\": 40, \"last_published_at\": \"2019-04-10T07:44:04.295Z\", \"depth\": 4, \"show_in_menus\": false, \"first_published_at\": \"2019-04-10T07:44:04.295Z\", \"go_live_at\": null, \"imagen_principal\": 14}", "approved_go_live_at": null}}, {"model": "wagtailcore.pagerevision", "pk": 64, "fields": {"page": 19, "submitted_for_moderation": false, "created_at": "2019-04-11T02:22:17.458Z", "user": 3, "content_json": "{\"imagen_principal\": 15, \"search_description\": \"\", \"live\": true, \"content_type\": 41, \"live_revision\": 25, \"has_unpublished_changes\": false, \"listado_alianzas\": [{\"titulo\": \"Constru\\u00ed alianzas locales socioeducativas\", \"sort_order\": 0, \"page\": 19, \"pk\": null, \"descripcion\": \"Conoc\\u00e9 las propuestas socioeducativas de Don Bosco en todo el pa\\u00eds y desarroll\\u00e1 acciones por la educaci\\u00f3n.\"}, {\"titulo\": \"Impuls\\u00e1 programas de responsabilidad social (RSE)\", \"sort_order\": 1, \"page\": 19, \"pk\": null, \"descripcion\": \"Canaliz\\u00e1 tus programas de responsabilidad social empresaria (RSE) a trav\\u00e9s de las diferentes \\u00e1reas de acci\\u00f3n de Don Bosco Argentina.\"}, {\"titulo\": \"Realiz\\u00e1 campa\\u00f1as de comunicaci\\u00f3n y sensibilizaci\\u00f3n\", \"sort_order\": 2, \"page\": 19, \"pk\": null, \"descripcion\": \"Desarroll\\u00e1 campa\\u00f1as de comunicaci\\u00f3n entre clientes, empleados y usuarios que fomenten el compromiso con la educaci\\u00f3n y la solidaridad.\"}, {\"titulo\": \"Sumate a la app 1K Por los J\\u00f3venes\", \"sort_order\": 3, \"page\": 19, \"pk\": null, \"descripcion\": \"La app que propone llevar una vida saludable mientras se realiza una acci\\u00f3n solidaria  Potenci\\u00e1 tu imagen corporativa promoviendo la vida sana y la solidaridad. Obten\\u00e9 presencia de marca realizando ap\"}, {\"titulo\": \"Sumate a Buenos Aires Corre Por Los J\\u00f3venes\", \"sort_order\": 4, \"page\": 19, \"pk\": null, \"descripcion\": \"S\\u00e9 parte del evento que moviliza a todos los que trabajamos Por los J\\u00f3venes el 8 de diciembre, en Vicente L\\u00f3pez.   - Invit\\u00e1 a tus empleados con precio promocional  - Patrocin\\u00e1 el evento  - Particip\\u00e1\"}, {\"titulo\": \"Contribu\\u00ed con donaciones\", \"sort_order\": 5, \"page\": 19, \"pk\": null, \"descripcion\": \"Recibimos donaciones que colaboren con las propuestas socioeducativas de Don Bosco:  Equipamiento y materiales para formaci\\u00f3n profesional \\u00datiles escolares Equipamiento inform\\u00e1tico Herramientas de trab\"}], \"slug\": \"alianzas\", \"go_live_at\": null, \"locked\": false, \"path\": \"0001000100050001\", \"expire_at\": null, \"url_path\": \"/home/como-colaborar/alianzas/\", \"numchild\": 0, \"owner\": 3, \"draft_title\": \"Alianzas\", \"depth\": 4, \"title\": \"Alianzas\", \"show_in_menus\": false, \"pk\": 19, \"expired\": false, \"last_published_at\": \"2019-04-10T07:39:32.813Z\", \"first_published_at\": \"2019-04-10T07:39:32.813Z\", \"latest_revision_created_at\": \"2019-04-10T07:39:32.457Z\", \"seo_title\": \"\"}", "approved_go_live_at": null}}, {"model": "wagtailcore.pagerevision", "pk": 65, "fields": {"page": 19, "submitted_for_moderation": false, "created_at": "2019-04-11T02:43:26.313Z", "user": 3, "content_json": "{\"live_revision\": 64, \"url_path\": \"/home/como-colaborar/alianzas/\", \"nota_pie\": \"<p><b>Las empresas donantes pueden obtener un beneficio impositivo, ya que Don Bosco Argentina se encuentra inscripta como entidad beneficiaria, reconocida como exenta del Impuesto a las Ganancias. De esta manera, las donaciones realizadas a nuestra organizaci\\u00f3n podr\\u00e1n deducirse de este impuesto, hasta el l\\u00edmite del 5% de la renta neta del per\\u00edodo fiscal correspondiente.</b></p><p><b>Para mayor informaci\\u00f3n contactarse con</b></p><p><b>alianzas@porlosjovenes.org</b></p>\", \"go_live_at\": null, \"seo_title\": \"\", \"draft_title\": \"Alianzas\", \"latest_revision_created_at\": \"2019-04-11T02:22:17.458Z\", \"content_type\": 41, \"live\": true, \"expired\": false, \"owner\": 3, \"slug\": \"alianzas\", \"numchild\": 0, \"expire_at\": null, \"title\": \"Alianzas\", \"search_description\": \"\", \"depth\": 4, \"has_unpublished_changes\": false, \"pk\": 19, \"show_in_menus\": false, \"listado_alianzas\": [{\"page\": 19, \"pk\": 1, \"descripcion\": \"Conoc\\u00e9 las propuestas socioeducativas de Don Bosco en todo el pa\\u00eds y desarroll\\u00e1 acciones por la educaci\\u00f3n.\", \"sort_order\": 0, \"titulo\": \"Constru\\u00ed alianzas locales socioeducativas\"}, {\"page\": 19, \"pk\": 2, \"descripcion\": \"Canaliz\\u00e1 tus programas de responsabilidad social empresaria (RSE) a trav\\u00e9s de las diferentes \\u00e1reas de acci\\u00f3n de Don Bosco Argentina.\", \"sort_order\": 1, \"titulo\": \"Impuls\\u00e1 programas de responsabilidad social (RSE)\"}, {\"page\": 19, \"pk\": 3, \"descripcion\": \"Desarroll\\u00e1 campa\\u00f1as de comunicaci\\u00f3n entre clientes, empleados y usuarios que fomenten el compromiso con la educaci\\u00f3n y la solidaridad.\", \"sort_order\": 2, \"titulo\": \"Realiz\\u00e1 campa\\u00f1as de comunicaci\\u00f3n y sensibilizaci\\u00f3n\"}, {\"page\": 19, \"pk\": 4, \"descripcion\": \"La app que propone llevar una vida saludable mientras se realiza una acci\\u00f3n solidaria  Potenci\\u00e1 tu imagen corporativa promoviendo la vida sana y la solidaridad. Obten\\u00e9 presencia de marca realizando ap\", \"sort_order\": 3, \"titulo\": \"Sumate a la app 1K Por los J\\u00f3venes\"}, {\"page\": 19, \"pk\": 5, \"descripcion\": \"S\\u00e9 parte del evento que moviliza a todos los que trabajamos Por los J\\u00f3venes el 8 de diciembre, en Vicente L\\u00f3pez.   - Invit\\u00e1 a tus empleados con precio promocional  - Patrocin\\u00e1 el evento  - Particip\\u00e1\", \"sort_order\": 4, \"titulo\": \"Sumate a Buenos Aires Corre Por Los J\\u00f3venes\"}, {\"page\": 19, \"pk\": 6, \"descripcion\": \"Recibimos donaciones que colaboren con las propuestas socioeducativas de Don Bosco:  Equipamiento y materiales para formaci\\u00f3n profesional \\u00datiles escolares Equipamiento inform\\u00e1tico Herramientas de trab\", \"sort_order\": 5, \"titulo\": \"Contribu\\u00ed con donaciones\"}], \"first_published_at\": \"2019-04-10T07:39:32.813Z\", \"path\": \"0001000100050001\", \"imagen_principal\": 15, \"locked\": false, \"last_published_at\": \"2019-04-11T02:22:18.403Z\"}", "approved_go_live_at": null}}, {"model": "wagtailcore.pagerevision", "pk": 66, "fields": {"page": 19, "submitted_for_moderation": false, "created_at": "2019-04-11T02:45:10.689Z", "user": 3, "content_json": "{\"live_revision\": 64, \"url_path\": \"/home/como-colaborar/alianzas/\", \"nota_pie\": \"<p>Las empresas donantes pueden obtener un beneficio impositivo, ya que Don Bosco Argentina se encuentra inscripta como entidad beneficiaria, reconocida como exenta del Impuesto a las Ganancias. De esta manera, las donaciones realizadas a nuestra organizaci\\u00f3n podr\\u00e1n deducirse de este impuesto, hasta el l\\u00edmite del 5% de la renta neta del per\\u00edodo fiscal correspondiente.</p><p>Para mayor informaci\\u00f3n contactarse con</p><h4><b>alianzas@porlosjovenes.org</b></h4>\", \"go_live_at\": null, \"seo_title\": \"\", \"draft_title\": \"Alianzas\", \"latest_revision_created_at\": \"2019-04-11T02:43:26.313Z\", \"content_type\": 41, \"live\": true, \"expired\": false, \"owner\": 3, \"slug\": \"alianzas\", \"numchild\": 0, \"expire_at\": null, \"title\": \"Alianzas\", \"search_description\": \"\", \"depth\": 4, \"has_unpublished_changes\": true, \"pk\": 19, \"show_in_menus\": false, \"listado_alianzas\": [{\"page\": null, \"pk\": 1, \"descripcion\": \"Conoc\\u00e9 las propuestas socioeducativas de Don Bosco en todo el pa\\u00eds y desarroll\\u00e1 acciones por la educaci\\u00f3n.\", \"sort_order\": 0, \"titulo\": \"Constru\\u00ed alianzas locales socioeducativas\"}, {\"page\": null, \"pk\": 2, \"descripcion\": \"Canaliz\\u00e1 tus programas de responsabilidad social empresaria (RSE) a trav\\u00e9s de las diferentes \\u00e1reas de acci\\u00f3n de Don Bosco Argentina.\", \"sort_order\": 1, \"titulo\": \"Impuls\\u00e1 programas de responsabilidad social (RSE)\"}, {\"page\": null, \"pk\": 3, \"descripcion\": \"Desarroll\\u00e1 campa\\u00f1as de comunicaci\\u00f3n entre clientes, empleados y usuarios que fomenten el compromiso con la educaci\\u00f3n y la solidaridad.\", \"sort_order\": 2, \"titulo\": \"Realiz\\u00e1 campa\\u00f1as de comunicaci\\u00f3n y sensibilizaci\\u00f3n\"}, {\"page\": null, \"pk\": 4, \"descripcion\": \"La app que propone llevar una vida saludable mientras se realiza una acci\\u00f3n solidaria  Potenci\\u00e1 tu imagen corporativa promoviendo la vida sana y la solidaridad. Obten\\u00e9 presencia de marca realizando ap\", \"sort_order\": 3, \"titulo\": \"Sumate a la app 1K Por los J\\u00f3venes\"}, {\"page\": null, \"pk\": 5, \"descripcion\": \"S\\u00e9 parte del evento que moviliza a todos los que trabajamos Por los J\\u00f3venes el 8 de diciembre, en Vicente L\\u00f3pez.   - Invit\\u00e1 a tus empleados con precio promocional  - Patrocin\\u00e1 el evento  - Particip\\u00e1\", \"sort_order\": 4, \"titulo\": \"Sumate a Buenos Aires Corre Por Los J\\u00f3venes\"}, {\"page\": null, \"pk\": 6, \"descripcion\": \"Recibimos donaciones que colaboren con las propuestas socioeducativas de Don Bosco:  Equipamiento y materiales para formaci\\u00f3n profesional \\u00datiles escolares Equipamiento inform\\u00e1tico Herramientas de trab\", \"sort_order\": 5, \"titulo\": \"Contribu\\u00ed con donaciones\"}], \"first_published_at\": \"2019-04-10T07:39:32.813Z\", \"path\": \"0001000100050001\", \"imagen_principal\": 15, \"locked\": false, \"last_published_at\": \"2019-04-11T02:22:18.403Z\"}", "approved_go_live_at": null}}, {"model": "wagtailcore.pagerevision", "pk": 67, "fields": {"page": 19, "submitted_for_moderation": false, "created_at": "2019-04-11T02:46:15.580Z", "user": 3, "content_json": "{\"live_revision\": 66, \"url_path\": \"/home/como-colaborar/alianzas/\", \"nota_pie\": \"<h2>Las empresas donantes pueden obtener un beneficio impositivo, ya que Don Bosco Argentina se encuentra inscripta como entidad beneficiaria, reconocida como exenta del Impuesto a las Ganancias. De esta manera, las donaciones realizadas a nuestra organizaci\\u00f3n podr\\u00e1n deducirse de este impuesto, hasta el l\\u00edmite del 5% de la renta neta del per\\u00edodo fiscal correspondiente.</h2><h2>Para mayor informaci\\u00f3n contactarse con</h2><h4><b>alianzas@porlosjovenes.org</b></h4>\", \"go_live_at\": null, \"seo_title\": \"\", \"draft_title\": \"Alianzas\", \"latest_revision_created_at\": \"2019-04-11T02:45:10.689Z\", \"content_type\": 41, \"live\": true, \"expired\": false, \"owner\": 3, \"slug\": \"alianzas\", \"numchild\": 0, \"expire_at\": null, \"title\": \"Alianzas\", \"search_description\": \"\", \"depth\": 4, \"has_unpublished_changes\": false, \"pk\": 19, \"show_in_menus\": false, \"listado_alianzas\": [{\"page\": 19, \"pk\": 1, \"descripcion\": \"Conoc\\u00e9 las propuestas socioeducativas de Don Bosco en todo el pa\\u00eds y desarroll\\u00e1 acciones por la educaci\\u00f3n.\", \"sort_order\": 0, \"titulo\": \"Constru\\u00ed alianzas locales socioeducativas\"}, {\"page\": 19, \"pk\": 2, \"descripcion\": \"Canaliz\\u00e1 tus programas de responsabilidad social empresaria (RSE) a trav\\u00e9s de las diferentes \\u00e1reas de acci\\u00f3n de Don Bosco Argentina.\", \"sort_order\": 1, \"titulo\": \"Impuls\\u00e1 programas de responsabilidad social (RSE)\"}, {\"page\": 19, \"pk\": 3, \"descripcion\": \"Desarroll\\u00e1 campa\\u00f1as de comunicaci\\u00f3n entre clientes, empleados y usuarios que fomenten el compromiso con la educaci\\u00f3n y la solidaridad.\", \"sort_order\": 2, \"titulo\": \"Realiz\\u00e1 campa\\u00f1as de comunicaci\\u00f3n y sensibilizaci\\u00f3n\"}, {\"page\": 19, \"pk\": 4, \"descripcion\": \"La app que propone llevar una vida saludable mientras se realiza una acci\\u00f3n solidaria  Potenci\\u00e1 tu imagen corporativa promoviendo la vida sana y la solidaridad. Obten\\u00e9 presencia de marca realizando ap\", \"sort_order\": 3, \"titulo\": \"Sumate a la app 1K Por los J\\u00f3venes\"}, {\"page\": 19, \"pk\": 5, \"descripcion\": \"S\\u00e9 parte del evento que moviliza a todos los que trabajamos Por los J\\u00f3venes el 8 de diciembre, en Vicente L\\u00f3pez.   - Invit\\u00e1 a tus empleados con precio promocional  - Patrocin\\u00e1 el evento  - Particip\\u00e1\", \"sort_order\": 4, \"titulo\": \"Sumate a Buenos Aires Corre Por Los J\\u00f3venes\"}, {\"page\": 19, \"pk\": 6, \"descripcion\": \"Recibimos donaciones que colaboren con las propuestas socioeducativas de Don Bosco:  Equipamiento y materiales para formaci\\u00f3n profesional \\u00datiles escolares Equipamiento inform\\u00e1tico Herramientas de trab\", \"sort_order\": 5, \"titulo\": \"Contribu\\u00ed con donaciones\"}], \"first_published_at\": \"2019-04-10T07:39:32.813Z\", \"path\": \"0001000100050001\", \"imagen_principal\": 15, \"locked\": false, \"last_published_at\": \"2019-04-11T02:45:11.445Z\"}", "approved_go_live_at": null}}, {"model": "wagtailcore.pagerevision", "pk": 68, "fields": {"page": 19, "submitted_for_moderation": false, "created_at": "2019-04-11T02:49:43.311Z", "user": 3, "content_json": "{\"show_in_menus\": false, \"latest_revision_created_at\": \"2019-04-11T02:46:15.580Z\", \"content_type\": 41, \"locked\": false, \"url_path\": \"/home/como-colaborar/alianzas/\", \"go_live_at\": null, \"nota_pie\": \"<h6>Las empresas donantes pueden obtener un beneficio impositivo, ya que Don Bosco Argentina se encuentra inscripta como entidad beneficiaria, reconocida como exenta del Impuesto a las Ganancias. De esta manera, las donaciones realizadas a nuestra organizaci\\u00f3n podr\\u00e1n deducirse de este impuesto, hasta el l\\u00edmite del 5% de la renta neta del per\\u00edodo fiscal correspondiente.</h6><h6>Para mayor informaci\\u00f3n contactarse con</h6><h4><b>alianzas@porlosjovenes.org</b></h4>\", \"live_revision\": 67, \"draft_title\": \"Alianzas\", \"title\": \"Alianzas\", \"first_published_at\": \"2019-04-10T07:39:32.813Z\", \"expired\": false, \"seo_title\": \"\", \"expire_at\": null, \"owner\": 3, \"path\": \"0001000100050001\", \"slug\": \"alianzas\", \"has_unpublished_changes\": false, \"live\": true, \"pk\": 19, \"imagen_principal\": 15, \"numchild\": 0, \"last_published_at\": \"2019-04-11T02:46:16.552Z\", \"search_description\": \"\", \"listado_alianzas\": [{\"page\": 19, \"pk\": 1, \"descripcion\": \"Conoc\\u00e9 las propuestas socioeducativas de Don Bosco en todo el pa\\u00eds y desarroll\\u00e1 acciones por la educaci\\u00f3n.\", \"titulo\": \"Constru\\u00ed alianzas locales socioeducativas\", \"sort_order\": 0}, {\"page\": 19, \"pk\": 2, \"descripcion\": \"Canaliz\\u00e1 tus programas de responsabilidad social empresaria (RSE) a trav\\u00e9s de las diferentes \\u00e1reas de acci\\u00f3n de Don Bosco Argentina.\", \"titulo\": \"Impuls\\u00e1 programas de responsabilidad social (RSE)\", \"sort_order\": 1}, {\"page\": 19, \"pk\": 3, \"descripcion\": \"Desarroll\\u00e1 campa\\u00f1as de comunicaci\\u00f3n entre clientes, empleados y usuarios que fomenten el compromiso con la educaci\\u00f3n y la solidaridad.\", \"titulo\": \"Realiz\\u00e1 campa\\u00f1as de comunicaci\\u00f3n y sensibilizaci\\u00f3n\", \"sort_order\": 2}, {\"page\": 19, \"pk\": 4, \"descripcion\": \"La app que propone llevar una vida saludable mientras se realiza una acci\\u00f3n solidaria  Potenci\\u00e1 tu imagen corporativa promoviendo la vida sana y la solidaridad. Obten\\u00e9 presencia de marca realizando ap\", \"titulo\": \"Sumate a la app 1K Por los J\\u00f3venes\", \"sort_order\": 3}, {\"page\": 19, \"pk\": 5, \"descripcion\": \"S\\u00e9 parte del evento que moviliza a todos los que trabajamos Por los J\\u00f3venes el 8 de diciembre, en Vicente L\\u00f3pez.   - Invit\\u00e1 a tus empleados con precio promocional  - Patrocin\\u00e1 el evento  - Particip\\u00e1\", \"titulo\": \"Sumate a Buenos Aires Corre Por Los J\\u00f3venes\", \"sort_order\": 4}, {\"page\": 19, \"pk\": 6, \"descripcion\": \"Recibimos donaciones que colaboren con las propuestas socioeducativas de Don Bosco:  Equipamiento y materiales para formaci\\u00f3n profesional \\u00datiles escolares Equipamiento inform\\u00e1tico Herramientas de trab\", \"titulo\": \"Contribu\\u00ed con donaciones\", \"sort_order\": 5}], \"depth\": 4}", "approved_go_live_at": null}}, {"model": "wagtailcore.pagerevision", "pk": 69, "fields": {"page": 19, "submitted_for_moderation": false, "created_at": "2019-04-11T02:51:10.354Z", "user": 3, "content_json": "{\"show_in_menus\": false, \"latest_revision_created_at\": \"2019-04-11T02:49:43.311Z\", \"content_type\": 41, \"locked\": false, \"url_path\": \"/home/como-colaborar/alianzas/\", \"go_live_at\": null, \"nota_pie\": \"<h5>Las empresas donantes pueden obtener un beneficio impositivo, ya que Don Bosco Argentina se encuentra inscripta como entidad beneficiaria, reconocida como exenta del Impuesto a las Ganancias. De esta manera, las donaciones realizadas a nuestra organizaci\\u00f3n podr\\u00e1n deducirse de este impuesto, hasta el l\\u00edmite del 5% de la renta neta del per\\u00edodo fiscal correspondiente.</h5><h5>Para mayor informaci\\u00f3n contactarse con</h5><h5><b>alianzas@porlosjovenes.org</b></h5>\", \"live_revision\": 68, \"draft_title\": \"Alianzas\", \"title\": \"Alianzas\", \"first_published_at\": \"2019-04-10T07:39:32.813Z\", \"expired\": false, \"seo_title\": \"\", \"expire_at\": null, \"owner\": 3, \"path\": \"0001000100050001\", \"slug\": \"alianzas\", \"has_unpublished_changes\": false, \"live\": true, \"pk\": 19, \"imagen_principal\": 15, \"numchild\": 0, \"last_published_at\": \"2019-04-11T02:49:44.261Z\", \"search_description\": \"\", \"listado_alianzas\": [{\"page\": 19, \"pk\": 1, \"descripcion\": \"Conoc\\u00e9 las propuestas socioeducativas de Don Bosco en todo el pa\\u00eds y desarroll\\u00e1 acciones por la educaci\\u00f3n.\", \"titulo\": \"Constru\\u00ed alianzas locales socioeducativas\", \"sort_order\": 0}, {\"page\": 19, \"pk\": 2, \"descripcion\": \"Canaliz\\u00e1 tus programas de responsabilidad social empresaria (RSE) a trav\\u00e9s de las diferentes \\u00e1reas de acci\\u00f3n de Don Bosco Argentina.\", \"titulo\": \"Impuls\\u00e1 programas de responsabilidad social (RSE)\", \"sort_order\": 1}, {\"page\": 19, \"pk\": 3, \"descripcion\": \"Desarroll\\u00e1 campa\\u00f1as de comunicaci\\u00f3n entre clientes, empleados y usuarios que fomenten el compromiso con la educaci\\u00f3n y la solidaridad.\", \"titulo\": \"Realiz\\u00e1 campa\\u00f1as de comunicaci\\u00f3n y sensibilizaci\\u00f3n\", \"sort_order\": 2}, {\"page\": 19, \"pk\": 4, \"descripcion\": \"La app que propone llevar una vida saludable mientras se realiza una acci\\u00f3n solidaria  Potenci\\u00e1 tu imagen corporativa promoviendo la vida sana y la solidaridad. Obten\\u00e9 presencia de marca realizando ap\", \"titulo\": \"Sumate a la app 1K Por los J\\u00f3venes\", \"sort_order\": 3}, {\"page\": 19, \"pk\": 5, \"descripcion\": \"S\\u00e9 parte del evento que moviliza a todos los que trabajamos Por los J\\u00f3venes el 8 de diciembre, en Vicente L\\u00f3pez.   - Invit\\u00e1 a tus empleados con precio promocional  - Patrocin\\u00e1 el evento  - Particip\\u00e1\", \"titulo\": \"Sumate a Buenos Aires Corre Por Los J\\u00f3venes\", \"sort_order\": 4}, {\"page\": 19, \"pk\": 6, \"descripcion\": \"Recibimos donaciones que colaboren con las propuestas socioeducativas de Don Bosco:  Equipamiento y materiales para formaci\\u00f3n profesional \\u00datiles escolares Equipamiento inform\\u00e1tico Herramientas de trab\", \"titulo\": \"Contribu\\u00ed con donaciones\", \"sort_order\": 5}], \"depth\": 4}", "approved_go_live_at": null}}, {"model": "wagtailcore.pagerevision", "pk": 70, "fields": {"page": 19, "submitted_for_moderation": false, "created_at": "2019-04-11T02:57:00.186Z", "user": 3, "content_json": "{\"latest_revision_created_at\": \"2019-04-11T02:51:10.354Z\", \"listado_alianzas\": [{\"pk\": 1, \"sort_order\": 0, \"descripcion\": \"<p>Conoc\\u00e9 las propuestas socioeducativas de Don Bosco en todo el pa\\u00eds y desarroll\\u00e1 acciones por la educaci\\u00f3n.</p>\", \"titulo\": \"Constru\\u00ed alianzas locales socioeducativas\", \"page\": 19}, {\"pk\": 2, \"sort_order\": 1, \"descripcion\": \"<p>Canaliz\\u00e1 tus programas de responsabilidad social empresaria (RSE) a trav\\u00e9s de las diferentes \\u00e1reas de acci\\u00f3n de Don Bosco Argentina.</p>\", \"titulo\": \"Impuls\\u00e1 programas de responsabilidad social (RSE)\", \"page\": 19}, {\"pk\": 3, \"sort_order\": 2, \"descripcion\": \"<p>Desarroll\\u00e1 campa\\u00f1as de comunicaci\\u00f3n entre clientes, empleados y usuarios que fomenten el compromiso con la educaci\\u00f3n y la solidaridad.</p>\", \"titulo\": \"Realiz\\u00e1 campa\\u00f1as de comunicaci\\u00f3n y sensibilizaci\\u00f3n\", \"page\": 19}, {\"pk\": 4, \"sort_order\": 3, \"descripcion\": \"<p>La app que propone llevar una vida saludable mientras se realiza una acci\\u00f3n solidaria</p><p>- Potenci\\u00e1 tu imagen corporativa promoviendo la vida sana y la solidaridad.</p><p>- Obten\\u00e9 presencia de marca realizando aportes por cada Km que los usuarios recorren, sea caminando, andando en bicicleta o corriendo.</p>\", \"titulo\": \"Sumate a la app 1K Por los J\\u00f3venes\", \"page\": 19}, {\"pk\": 5, \"sort_order\": 4, \"descripcion\": \"<p>S\\u00e9 parte del evento que moviliza a todos los que trabajamos Por los J\\u00f3venes el 8 de diciembre, en Vicente L\\u00f3pez.\\u00a0</p><p>- Invit\\u00e1 a tus empleados con precio promocional</p><p>- Patrocin\\u00e1 el evento</p><p>- Particip\\u00e1 con tu stand y difund\\u00ed tus acciones por la educaci\\u00f3n y los j\\u00f3venes</p>\", \"titulo\": \"Sumate a Buenos Aires Corre Por Los J\\u00f3venes\", \"page\": 19}, {\"pk\": 6, \"sort_order\": 5, \"descripcion\": \"<p>Recibimos donaciones que colaboren con las propuestas socioeducativas de Don Bosco:<br/></p><p>- Equipamiento y materiales para formaci\\u00f3n profesional</p><p>- \\u00datiles escolares</p><p>- Equipamiento inform\\u00e1tico</p><p>- Herramientas de trabajo y maquinarias</p><p>- Indumentaria deportiva y calzado</p><p>- Elementos deportivos</p><p>- Otros</p>\", \"titulo\": \"Contribu\\u00ed con donaciones\", \"page\": 19}], \"path\": \"0001000100050001\", \"content_type\": 41, \"pk\": 19, \"expired\": false, \"go_live_at\": null, \"depth\": 4, \"live\": true, \"draft_title\": \"Alianzas\", \"search_description\": \"\", \"url_path\": \"/home/como-colaborar/alianzas/\", \"owner\": 3, \"slug\": \"alianzas\", \"expire_at\": null, \"first_published_at\": \"2019-04-10T07:39:32.813Z\", \"last_published_at\": \"2019-04-11T02:51:11.353Z\", \"has_unpublished_changes\": false, \"imagen_principal\": 15, \"seo_title\": \"\", \"locked\": false, \"numchild\": 0, \"title\": \"Alianzas\", \"nota_pie\": \"<h5>Las empresas donantes pueden obtener un beneficio impositivo, ya que Don Bosco Argentina se encuentra inscripta como entidad beneficiaria, reconocida como exenta del Impuesto a las Ganancias. De esta manera, las donaciones realizadas a nuestra organizaci\\u00f3n podr\\u00e1n deducirse de este impuesto, hasta el l\\u00edmite del 5% de la renta neta del per\\u00edodo fiscal correspondiente.</h5><h5>Para mayor informaci\\u00f3n contactarse con</h5><h5><b>alianzas@porlosjovenes.org</b></h5>\", \"live_revision\": 69, \"show_in_menus\": false}", "approved_go_live_at": null}}, {"model": "wagtailcore.pagerevision", "pk": 71, "fields": {"page": 11, "submitted_for_moderation": false, "created_at": "2019-04-11T03:55:04.580Z", "user": 3, "content_json": "{\"title\": \"Que Hacemos\", \"educacion_texto\": \"Acceder a educaci\\u00f3n es construir las herramientas intelectuales y personales que permiten a cada uno\", \"latest_revision_created_at\": \"2019-04-10T06:51:51.554Z\", \"live\": true, \"draft_title\": \"Que Hacemos\", \"show_in_menus\": false, \"trabajo_texto\": \"Acceder a educaci\\u00f3n es construir las herramientas intelectuales y personales que permiten a cada uno\", \"educacion_imagen\": 18, \"acciones_texto\": \"Acceder a educaci\\u00f3n es construir las herramientas intelectuales y personales que permiten a cada uno\", \"seo_title\": \"\", \"locked\": false, \"path\": \"000100010003\", \"depth\": 3, \"expire_at\": null, \"pk\": 11, \"imagen_principal\": 16, \"content_type\": 34, \"slug\": \"que-hacemos\", \"live_revision\": 12, \"last_published_at\": \"2019-04-10T06:51:51.982Z\", \"banner_imagen\": 17, \"has_unpublished_changes\": false, \"acciones_imagen\": 21, \"trabajo_imagen\": 19, \"comunitaria_texto\": \"Acceder a educaci\\u00f3n es construir las herramientas intelectuales y personales que permiten a cada uno\", \"banner_url\": \"https://porlosjovenes.org/quierodonar\", \"comunitaria_imagen\": 20, \"expired\": false, \"url_path\": \"/home/que-hacemos/\", \"numchild\": 0, \"search_description\": \"\", \"owner\": 3, \"go_live_at\": null, \"first_published_at\": \"2019-04-10T06:51:51.982Z\"}", "approved_go_live_at": null}}, {"model": "wagtailcore.pagerevision", "pk": 72, "fields": {"page": 11, "submitted_for_moderation": false, "created_at": "2019-04-11T03:56:56.486Z", "user": 3, "content_json": "{\"title\": \"Que Hacemos\", \"educacion_texto\": \"Acceder a educaci\\u00f3n es construir las herramientas intelectuales y personales que permiten a cada uno moldear su presente y su futuro. La educaci\\u00f3n Inicial, Primaria, Secundaria, Terciaria y Universitaria es integral: apunta al crecimiento de la persona en su complejidad (intelectual, espiritual, afectiva y corporal).\", \"latest_revision_created_at\": \"2019-04-11T03:55:04.580Z\", \"live\": true, \"draft_title\": \"Que Hacemos\", \"show_in_menus\": false, \"trabajo_texto\": \"Llevar una vida digna y crecer como personas requiere trabajar, para lo cual es necesario formarse. La formaci\\u00f3n para el trabajo y la educaci\\u00f3n t\\u00e9cnico profesional (escuelas t\\u00e9cnicas, agrot\\u00e9cnicas \\u2013EAS- y centros de formaci\\u00f3n profesional) significan aprendizaje t\\u00e9cnico y pr\\u00e1ctico fundamentado en valores, para que cada joven d\\u00e9 forma a un futuro estable.\", \"educacion_imagen\": 18, \"acciones_texto\": \"Acompa\\u00f1amiento cotidiano a familias de parajes aislados y de escasos recursos, construyendo con ellas inclusi\\u00f3n educativa, acercando bienes materiales y conectando a unas comunidades con otras para romper la exclusi\\u00f3n y el aislamiento.\", \"seo_title\": \"\", \"locked\": false, \"path\": \"000100010003\", \"depth\": 3, \"expire_at\": null, \"pk\": 11, \"imagen_principal\": 16, \"content_type\": 34, \"slug\": \"que-hacemos\", \"live_revision\": 12, \"last_published_at\": \"2019-04-10T06:51:51.982Z\", \"banner_imagen\": 17, \"has_unpublished_changes\": true, \"acciones_imagen\": 21, \"trabajo_imagen\": 19, \"comunitaria_texto\": \"Cuando las necesidades son grandes, m\\u00e1s grandes a\\u00fan son las respuestas para paliarlas. Las propuestas de Don Bosco Argentina orientadas a los chicos y chicas m\\u00e1s vulnerables econ\\u00f3mica y afectivamente, como hogares, centros de d\\u00eda y colonias, permiten vivir en condiciones dignas y crecer en un ambiente sano.\", \"banner_url\": \"https://porlosjovenes.org/quierodonar\", \"comunitaria_imagen\": 20, \"expired\": false, \"url_path\": \"/home/que-hacemos/\", \"numchild\": 0, \"search_description\": \"\", \"owner\": 3, \"go_live_at\": null, \"first_published_at\": \"2019-04-10T06:51:51.982Z\"}", "approved_go_live_at": null}}, {"model": "wagtailcore.pagerevision", "pk": 73, "fields": {"page": 14, "submitted_for_moderation": false, "created_at": "2019-04-11T04:11:31.126Z", "user": 3, "content_json": "{\"owner\": 3, \"title\": \"Quienes Somos\", \"show_in_menus\": false, \"imagen_principal\": 22, \"content_type\": 35, \"draft_title\": \"Quienes Somos\", \"seo_title\": \"\", \"depth\": 4, \"numchild\": 0, \"has_unpublished_changes\": true, \"expired\": false, \"live\": false, \"expire_at\": null, \"live_revision\": null, \"pk\": 14, \"first_published_at\": null, \"go_live_at\": null, \"locked\": false, \"url_path\": \"/home/nosotros/quienes-somos/\", \"path\": \"0001000100020002\", \"search_description\": \"\", \"slug\": \"quienes-somos\", \"latest_revision_created_at\": \"2019-04-10T06:58:40.203Z\", \"last_published_at\": null}", "approved_go_live_at": null}}, {"model": "wagtailcore.pagerevision", "pk": 74, "fields": {"page": 15, "submitted_for_moderation": false, "created_at": "2019-04-11T04:43:41.402Z", "user": 3, "content_json": "{\"go_live_at\": null, \"pk\": 15, \"slug\": \"transparencia\", \"path\": \"0001000100020003\", \"seo_title\": \"\", \"title\": \"Transparencia\", \"memoria_balance\": [{\"memoria_url\": \"https://www.yumpu.com/es/embed/view/oaR13L2TzhOMYdlj\", \"pk\": null, \"sort_order\": 0, \"page\": 15, \"memoria_descripcion\": \"Memoria 2017\"}, {\"memoria_url\": \"https://www.yumpu.com/es/embed/view/YrjnRyWIK2SXH6iO\", \"pk\": null, \"sort_order\": 1, \"page\": 15, \"memoria_descripcion\": \"Memoria 2018\"}], \"show_in_menus\": false, \"expire_at\": null, \"locked\": false, \"live\": true, \"expired\": false, \"latest_revision_created_at\": \"2019-04-10T07:00:50.077Z\", \"imagen_principal\": 23, \"search_description\": \"\", \"numchild\": 0, \"first_published_at\": \"2019-04-10T07:00:50.470Z\", \"content_type\": 33, \"depth\": 4, \"last_published_at\": \"2019-04-10T07:00:50.470Z\", \"draft_title\": \"Transparencia\", \"owner\": 3, \"url_path\": \"/home/nosotros/transparencia/\", \"has_unpublished_changes\": false, \"live_revision\": 17}", "approved_go_live_at": null}}, {"model": "wagtailcore.pagerevision", "pk": 75, "fields": {"page": 10, "submitted_for_moderation": false, "created_at": "2019-04-11T05:47:47.363Z", "user": 3, "content_json": "{\"go_live_at\": null, \"first_published_at\": null, \"depth\": 3, \"seo_title\": \"\", \"search_description\": \"\", \"expire_at\": null, \"title\": \"Nosotros\", \"path\": \"000100010002\", \"owner\": 3, \"expired\": false, \"show_in_menus\": false, \"content_type\": 32, \"last_published_at\": null, \"url_path\": \"/home/nosotros/\", \"numchild\": 3, \"latest_revision_created_at\": \"2019-04-10T06:50:39.474Z\", \"live\": false, \"live_revision\": null, \"locked\": false, \"pk\": 10, \"has_unpublished_changes\": true, \"draft_title\": \"Nosotros\", \"slug\": \"nosotros\"}", "approved_go_live_at": null}}, {"model": "wagtailcore.pagerevision", "pk": 76, "fields": {"page": 31, "submitted_for_moderation": false, "created_at": "2019-04-11T06:18:28.084Z", "user": 3, "content_json": "{\"show_in_menus\": false, \"gallery_images\": [{\"pk\": 2, \"page\": 31, \"sort_order\": 0, \"caption\": \"Imagen de prueba 1\", \"image\": 23}, {\"pk\": 3, \"page\": 31, \"sort_order\": 1, \"caption\": \"Imagen de prueba 2\", \"image\": 22}, {\"pk\": 4, \"page\": 31, \"sort_order\": 2, \"caption\": \"Imagen de prueba 3\", \"image\": 16}], \"depth\": 4, \"pk\": 31, \"go_live_at\": null, \"content_type\": 31, \"live\": true, \"slug\": \"noti-1\", \"body\": \"<p><b>Lorem Ipsum</b> is simply dummy text of the printing and typesetting industry. Lorem Ipsum has been the industry&#x27;s standard dummy text ever since the 1500s, when an unknown printer took a galley of type and scrambled it to make a type specimen book. It has survived not only five centuries, but also the leap into electronic typesetting, remaining essentially unchanged. It was popularised in the 1960s with the release of Letraset sheets containing Lorem Ipsum passages, and more recently with desktop publishing software like Aldus PageMaker including versions of Lorem Ipsum.</p>\", \"has_unpublished_changes\": false, \"seo_title\": \"\", \"locked\": false, \"expired\": false, \"numchild\": 0, \"first_published_at\": null, \"title\": \"Noti 1\", \"intro\": \"noticia bajada\", \"live_revision\": null, \"last_published_at\": null, \"date\": \"2019-04-11\", \"latest_revision_created_at\": null, \"expire_at\": null, \"draft_title\": \"Noti 1\", \"url_path\": \"/home/noticias/noti-1/\", \"path\": \"0001000100010001\", \"search_description\": \"\", \"owner\": 3}", "approved_go_live_at": null}}, {"model": "wagtailcore.pagerevision", "pk": 77, "fields": {"page": 32, "submitted_for_moderation": false, "created_at": "2019-04-11T06:20:16.274Z", "user": 3, "content_json": "{\"show_in_menus\": false, \"gallery_images\": [{\"pk\": 5, \"page\": 32, \"sort_order\": 0, \"caption\": \"Imagen de texto 2\", \"image\": 15}, {\"pk\": 6, \"page\": 32, \"sort_order\": 1, \"caption\": \"Imagen de texto 2 donar\", \"image\": 13}], \"depth\": 4, \"pk\": 32, \"go_live_at\": null, \"content_type\": 31, \"live\": true, \"slug\": \"prueba-2\", \"body\": \"<p><b>Lorem Ipsum</b> is simply dummy text of the printing and typesetting industry. Lorem Ipsum has been the industry&#x27;s standard dummy text ever since the 1500s, when an unknown printer took a galley of type and scrambled it to make a type specimen book. It has survived not only five centuries, but also the leap into electronic typesetting, remaining essentially unchanged. It was popularised in the 1960s with the release of Letraset sheets containing Lorem Ipsum passages, and more recently with desktop publishing software like Aldus PageMaker including versions of Lorem Ipsum.</p><p><b>Lorem Ipsum</b> is simply dummy text of the printing and typesetting industry. Lorem Ipsum has been the industry&#x27;s standard dummy text ever since the 1500s, when an unknown printer took a galley of type and scrambled it to make a type specimen book. It has survived not only five centuries, but also the leap into electronic typesetting, remaining essentially unchanged. It was popularised in the 1960s with the release of Letraset sheets containing Lorem Ipsum passages, and more recently with desktop publishing software like Aldus PageMaker including versions of Lorem Ipsum.</p>\", \"has_unpublished_changes\": false, \"seo_title\": \"\", \"locked\": false, \"expired\": false, \"numchild\": 0, \"first_published_at\": null, \"title\": \"Prueba 2\", \"intro\": \"Bajada 2 un poco mas larga que la enterior\", \"live_revision\": null, \"last_published_at\": null, \"date\": \"2019-04-04\", \"latest_revision_created_at\": null, \"expire_at\": null, \"draft_title\": \"Prueba 2\", \"url_path\": \"/home/noticias/prueba-2/\", \"path\": \"0001000100010002\", \"search_description\": \"\", \"owner\": 3}", "approved_go_live_at": null}}, {"model": "wagtailcore.pagerevision", "pk": 78, "fields": {"page": 32, "submitted_for_moderation": false, "created_at": "2019-04-11T06:46:57.744Z", "user": 3, "content_json": "{\"depth\": 4, \"go_live_at\": null, \"pk\": 32, \"content_type\": 31, \"url_path\": \"/home/noticias/prueba-2/\", \"show_in_menus\": false, \"last_published_at\": \"2019-04-11T06:20:16.787Z\", \"has_unpublished_changes\": false, \"date\": \"2019-04-04\", \"gallery_images\": [{\"sort_order\": 0, \"pk\": 5, \"image\": 15, \"caption\": \"Imagen de texto 2\", \"page\": 32}, {\"sort_order\": 1, \"pk\": 6, \"image\": 13, \"caption\": \"Imagen de texto 2 donar\", \"page\": 32}], \"seo_title\": \"\", \"search_description\": \"\", \"numchild\": 0, \"draft_title\": \"Prueba 2\", \"expired\": false, \"path\": \"0001000100010002\", \"title\": \"Prueba 2\", \"intro\": \"Bajada 2 un poco mas larga que la enterior\", \"body\": \"<p><b>Lorem Ipsum</b> is simply dummy text of the printing and typesetting industry. Lorem Ipsum has been the industry&#x27;s standard dummy text ever since the 1500s, when an unknown printer took a galley of type and scrambled it to make a type specimen book. It has survived not only five centuries, but also the leap into electronic typesetting, remaining essentially unchanged. It was popularised in the 1960s with the release of Letraset sheets containing Lorem Ipsum passages, and more recently with desktop publishing software like Aldus PageMaker including versions of Lorem Ipsum.</p><p><b>Lorem Ipsum</b> is simply dummy text of the printing and typesetting industry. Lorem Ipsum has been the industry&#x27;s standard dummy text ever since the 1500s, when an unknown printer took a galley of type and scrambled it to make a type specimen book. It has survived not only five centuries, but also the leap into electronic typesetting, remaining essentially unchanged. It was popularised in the 1960s with the release of Letraset sheets containing Lorem Ipsum passages, and more recently with desktop publishing software like Aldus PageMaker including versions of Lorem Ipsum.</p>\", \"live\": true, \"categoria\": \"CAT3\", \"locked\": false, \"live_revision\": 77, \"latest_revision_created_at\": \"2019-04-11T06:20:16.274Z\", \"first_published_at\": \"2019-04-11T06:20:16.787Z\", \"slug\": \"prueba-2\", \"expire_at\": null, \"owner\": 3}", "approved_go_live_at": null}}, {"model": "wagtailcore.pagerevision", "pk": 79, "fields": {"page": 12, "submitted_for_moderation": false, "created_at": "2019-04-11T13:53:22.687Z", "user": 3, "content_json": "{\"path\": \"000100010001\", \"expired\": false, \"go_live_at\": null, \"last_published_at\": null, \"owner\": 3, \"pk\": 12, \"expire_at\": null, \"url_path\": \"/home/noticias/\", \"depth\": 3, \"numchild\": 2, \"locked\": false, \"first_published_at\": null, \"search_description\": \"\", \"draft_title\": \"Noticias\", \"live\": false, \"live_revision\": null, \"show_in_menus\": false, \"latest_revision_created_at\": \"2019-04-10T06:52:27.051Z\", \"title\": \"Noticias\", \"slug\": \"noticias\", \"seo_title\": \"\", \"has_unpublished_changes\": true, \"content_type\": 28}", "approved_go_live_at": null}}, {"model": "wagtailcore.pagerevision", "pk": 80, "fields": {"page": 33, "submitted_for_moderation": false, "created_at": "2019-04-11T14:34:40.930Z", "user": 3, "content_json": "{\"categoria\": \"CAT1\", \"path\": \"0001000100010003\", \"intro\": \"bajada de la noticia breve resumen\", \"pk\": 33, \"title\": \"Prueba de noticia 3\", \"slug\": \"prueba-de-noticia-3\", \"url_path\": \"/home/noticias/prueba-de-noticia-3/\", \"expire_at\": null, \"go_live_at\": null, \"owner\": 3, \"seo_title\": \"\", \"first_published_at\": null, \"content_type\": 31, \"depth\": 4, \"locked\": false, \"expired\": false, \"date\": \"2019-05-02\", \"show_in_menus\": false, \"search_description\": \"\", \"body\": \"<p></p><embed alt=\\\"595a26a84b952_647_365-1.jpg\\\" embedtype=\\\"image\\\" format=\\\"left\\\" id=\\\"23\\\"/><p></p>\", \"numchild\": 0, \"has_unpublished_changes\": false, \"live\": true, \"live_revision\": null, \"last_published_at\": null, \"latest_revision_created_at\": null, \"draft_title\": \"Prueba de noticia 3\", \"gallery_images\": [{\"caption\": \"gente\", \"sort_order\": 0, \"image\": 21, \"pk\": 7, \"page\": 33}, {\"caption\": \"mano\", \"sort_order\": 1, \"image\": 20, \"pk\": 8, \"page\": 33}]}", "approved_go_live_at": null}}, {"model": "wagtailcore.pagerevision", "pk": 81, "fields": {"page": 33, "submitted_for_moderation": false, "created_at": "2019-04-11T17:24:44.935Z", "user": 3, "content_json": "{\"content_type\": 31, \"categoria\": \"Educacion\", \"slug\": \"prueba-de-noticia-3\", \"numchild\": 0, \"title\": \"Prueba de noticia 3\", \"intro\": \"bajada de la noticia breve resumen\", \"path\": \"0001000100010003\", \"imagen_portada\": 22, \"gallery_images\": [{\"pk\": 7, \"page\": 33, \"image\": 21, \"caption\": \"gente\", \"sort_order\": 0}, {\"pk\": 8, \"page\": 33, \"image\": 20, \"caption\": \"mano\", \"sort_order\": 1}], \"live_revision\": 80, \"go_live_at\": null, \"expire_at\": null, \"has_unpublished_changes\": false, \"live\": true, \"date\": \"2019-05-02\", \"first_published_at\": \"2019-04-11T14:34:41.435Z\", \"body\": \"<p></p><embed alt=\\\"595a26a84b952_647_365-1.jpg\\\" embedtype=\\\"image\\\" format=\\\"left\\\" id=\\\"23\\\"/><p></p>\", \"locked\": false, \"url_path\": \"/home/noticias/prueba-de-noticia-3/\", \"owner\": 3, \"draft_title\": \"Prueba de noticia 3\", \"expired\": false, \"pk\": 33, \"seo_title\": \"\", \"search_description\": \"\", \"latest_revision_created_at\": \"2019-04-11T14:34:40.930Z\", \"depth\": 4, \"last_published_at\": \"2019-04-11T14:34:41.435Z\", \"show_in_menus\": false}", "approved_go_live_at": null}}, {"model": "wagtailcore.pagerevision", "pk": 82, "fields": {"page": 32, "submitted_for_moderation": false, "created_at": "2019-04-11T17:36:20.966Z", "user": 3, "content_json": "{\"content_type\": 31, \"categoria\": \"Educacion\", \"slug\": \"prueba-2\", \"numchild\": 0, \"title\": \"Prueba 2\", \"intro\": \"Bajada 2 un poco mas larga que la enterior\", \"path\": \"0001000100010002\", \"imagen_portada\": 16, \"gallery_images\": [{\"pk\": 5, \"page\": 32, \"image\": 15, \"caption\": \"Imagen de texto 2\", \"sort_order\": 0}, {\"pk\": 6, \"page\": 32, \"image\": 13, \"caption\": \"Imagen de texto 2 donar\", \"sort_order\": 1}], \"live_revision\": 78, \"go_live_at\": null, \"expire_at\": null, \"has_unpublished_changes\": false, \"live\": true, \"date\": \"2019-04-04\", \"first_published_at\": \"2019-04-11T06:20:16.787Z\", \"body\": \"<p><b>Lorem Ipsum</b> is simply dummy text of the printing and typesetting industry. Lorem Ipsum has been the industry&#x27;s standard dummy text ever since the 1500s, when an unknown printer took a galley of type and scrambled it to make a type specimen book. It has survived not only five centuries, but also the leap into electronic typesetting, remaining essentially unchanged. It was popularised in the 1960s with the release of Letraset sheets containing Lorem Ipsum passages, and more recently with desktop publishing software like Aldus PageMaker including versions of Lorem Ipsum.</p><p><b>Lorem Ipsum</b> is simply dummy text of the printing and typesetting industry. Lorem Ipsum has been the industry&#x27;s standard dummy text ever since the 1500s, when an unknown printer took a galley of type and scrambled it to make a type specimen book. It has survived not only five centuries, but also the leap into electronic typesetting, remaining essentially unchanged. It was popularised in the 1960s with the release of Letraset sheets containing Lorem Ipsum passages, and more recently with desktop publishing software like Aldus PageMaker including versions of Lorem Ipsum.</p>\", \"locked\": false, \"url_path\": \"/home/noticias/prueba-2/\", \"owner\": 3, \"draft_title\": \"Prueba 2\", \"expired\": false, \"pk\": 32, \"seo_title\": \"\", \"search_description\": \"\", \"latest_revision_created_at\": \"2019-04-11T06:46:57.744Z\", \"depth\": 4, \"last_published_at\": \"2019-04-11T06:46:58.522Z\", \"show_in_menus\": false}", "approved_go_live_at": null}}, {"model": "wagtailcore.pagerevision", "pk": 83, "fields": {"page": 31, "submitted_for_moderation": false, "created_at": "2019-04-11T17:37:24.408Z", "user": 3, "content_json": "{\"content_type\": 31, \"categoria\": \"Educacion\", \"slug\": \"noti-1\", \"numchild\": 0, \"title\": \"Noti 1\", \"intro\": \"noticia bajada\", \"path\": \"0001000100010001\", \"imagen_portada\": 12, \"gallery_images\": [{\"pk\": 2, \"page\": 31, \"image\": 23, \"caption\": \"Imagen de prueba 1\", \"sort_order\": 0}, {\"pk\": 3, \"page\": 31, \"image\": 22, \"caption\": \"Imagen de prueba 2\", \"sort_order\": 1}, {\"pk\": 4, \"page\": 31, \"image\": 16, \"caption\": \"Imagen de prueba 3\", \"sort_order\": 2}], \"live_revision\": 76, \"go_live_at\": null, \"expire_at\": null, \"has_unpublished_changes\": false, \"live\": true, \"date\": \"2019-04-11\", \"first_published_at\": \"2019-04-11T06:18:28.614Z\", \"body\": \"<p><b>Lorem Ipsum</b> is simply dummy text of the printing and typesetting industry. Lorem Ipsum has been the industry&#x27;s standard dummy text ever since the 1500s, when an unknown printer took a galley of type and scrambled it to make a type specimen book. It has survived not only five centuries, but also the leap into electronic typesetting, remaining essentially unchanged. It was popularised in the 1960s with the release of Letraset sheets containing Lorem Ipsum passages, and more recently with desktop publishing software like Aldus PageMaker including versions of Lorem Ipsum.</p>\", \"locked\": false, \"url_path\": \"/home/noticias/noti-1/\", \"owner\": 3, \"draft_title\": \"Noti 1\", \"expired\": false, \"pk\": 31, \"seo_title\": \"\", \"search_description\": \"\", \"latest_revision_created_at\": \"2019-04-11T06:18:28.084Z\", \"depth\": 4, \"last_published_at\": \"2019-04-11T06:18:28.614Z\", \"show_in_menus\": false}", "approved_go_live_at": null}}, {"model": "wagtailcore.page", "pk": 1, "fields": {"path": "0001", "depth": 1, "numchild": 1, "title": "Root", "draft_title": "Root", "slug": "root", "content_type": 1, "live": true, "has_unpublished_changes": false, "url_path": "/", "owner": null, "seo_title": "", "show_in_menus": false, "search_description": "", "go_live_at": null, "expire_at": null, "expired": false, "locked": false, "first_published_at": null, "last_published_at": null, "latest_revision_created_at": null, "live_revision": null}}, {"model": "wagtailcore.page", "pk": 3, "fields": {"path": "00010001", "depth": 2, "numchild": 6, "title": "Home", "draft_title": "Home", "slug": "home", "content_type": 2, "live": true, "has_unpublished_changes": false, "url_path": "/home/", "owner": null, "seo_title": "", "show_in_menus": false, "search_description": "", "go_live_at": null, "expire_at": null, "expired": false, "locked": false, "first_published_at": null, "last_published_at": null, "latest_revision_created_at": null, "live_revision": null}}, {"model": "wagtailcore.page", "pk": 10, "fields": {"path": "000100010002", "depth": 3, "numchild": 3, "title": "Nosotros", "draft_title": "Nosotros", "slug": "nosotros", "content_type": 32, "live": true, "has_unpublished_changes": false, "url_path": "/home/nosotros/", "owner": 3, "seo_title": "", "show_in_menus": false, "search_description": "", "go_live_at": null, "expire_at": null, "expired": false, "locked": false, "first_published_at": "2019-04-11T05:47:47.883Z", "last_published_at": "2019-04-11T05:47:47.883Z", "latest_revision_created_at": "2019-04-11T05:47:47.363Z", "live_revision": 75}}, {"model": "wagtailcore.page", "pk": 11, "fields": {"path": "000100010003", "depth": 3, "numchild": 0, "title": "Que Hacemos", "draft_title": "Que Hacemos", "slug": "que-hacemos", "content_type": 34, "live": true, "has_unpublished_changes": false, "url_path": "/home/que-hacemos/", "owner": 3, "seo_title": "", "show_in_menus": false, "search_description": "", "go_live_at": null, "expire_at": null, "expired": false, "locked": false, "first_published_at": "2019-04-10T06:51:51.982Z", "last_published_at": "2019-04-11T03:56:57.364Z", "latest_revision_created_at": "2019-04-11T03:56:56.486Z", "live_revision": 72}}, {"model": "wagtailcore.page", "pk": 12, "fields": {"path": "000100010001", "depth": 3, "numchild": 3, "title": "Noticias", "draft_title": "Noticias", "slug": "noticias", "content_type": 28, "live": true, "has_unpublished_changes": false, "url_path": "/home/noticias/", "owner": 3, "seo_title": "", "show_in_menus": false, "search_description": "", "go_live_at": null, "expire_at": null, "expired": false, "locked": false, "first_published_at": "2019-04-11T13:53:23.184Z", "last_published_at": "2019-04-11T13:53:23.184Z", "latest_revision_created_at": "2019-04-11T13:53:22.687Z", "live_revision": 79}}, {"model": "wagtailcore.page", "pk": 13, "fields": {"path": "0001000100020001", "depth": 4, "numchild": 0, "title": "Donde Estamos", "draft_title": "Donde Estamos", "slug": "donde-estamos", "content_type": 36, "live": true, "has_unpublished_changes": false, "url_path": "/home/nosotros/donde-estamos/", "owner": 3, "seo_title": "", "show_in_menus": false, "search_description": "", "go_live_at": null, "expire_at": null, "expired": false, "locked": false, "first_published_at": "2019-04-10T06:58:17.060Z", "last_published_at": "2019-04-10T06:58:17.060Z", "latest_revision_created_at": "2019-04-10T06:58:16.634Z", "live_revision": 15}}, {"model": "wagtailcore.page", "pk": 14, "fields": {"path": "0001000100020002", "depth": 4, "numchild": 0, "title": "Quienes Somos", "draft_title": "Quienes Somos", "slug": "quienes-somos", "content_type": 35, "live": true, "has_unpublished_changes": false, "url_path": "/home/nosotros/quienes-somos/", "owner": 3, "seo_title": "", "show_in_menus": false, "search_description": "", "go_live_at": null, "expire_at": null, "expired": false, "locked": false, "first_published_at": "2019-04-11T04:11:31.613Z", "last_published_at": "2019-04-11T04:11:31.613Z", "latest_revision_created_at": "2019-04-11T04:11:31.126Z", "live_revision": 73}}, {"model": "wagtailcore.page", "pk": 15, "fields": {"path": "0001000100020003", "depth": 4, "numchild": 0, "title": "Transparencia", "draft_title": "Transparencia", "slug": "transparencia", "content_type": 33, "live": true, "has_unpublished_changes": false, "url_path": "/home/nosotros/transparencia/", "owner": 3, "seo_title": "", "show_in_menus": false, "search_description": "", "go_live_at": null, "expire_at": null, "expired": false, "locked": false, "first_published_at": "2019-04-10T07:00:50.470Z", "last_published_at": "2019-04-11T04:43:41.980Z", "latest_revision_created_at": "2019-04-11T04:43:41.402Z", "live_revision": 74}}, {"model": "wagtailcore.page", "pk": 16, "fields": {"path": "000100010006", "depth": 3, "numchild": 2, "title": "App", "draft_title": "App", "slug": "app", "content_type": 42, "live": true, "has_unpublished_changes": false, "url_path": "/home/app/", "owner": 3, "seo_title": "", "show_in_menus": false, "search_description": "", "go_live_at": null, "expire_at": null, "expired": false, "locked": false, "first_published_at": "2019-04-10T07:32:08.083Z", "last_published_at": "2019-04-10T17:22:36.946Z", "latest_revision_created_at": "2019-04-10T17:22:36.272Z", "live_revision": 42}}, {"model": "wagtailcore.page", "pk": 17, "fields": {"path": "000100010007", "depth": 3, "numchild": 3, "title": "Carrera", "draft_title": "Carrera", "slug": "carrera", "content_type": 38, "live": true, "has_unpublished_changes": false, "url_path": "/home/carrera/", "owner": 3, "seo_title": "Carrera", "show_in_menus": false, "search_description": "Promocion de Carreras Solidarias", "go_live_at": null, "expire_at": null, "expired": false, "locked": false, "first_published_at": "2019-04-10T07:32:53.912Z", "last_published_at": "2019-04-11T00:37:28.887Z", "latest_revision_created_at": "2019-04-11T00:37:27.869Z", "live_revision": 58}}, {"model": "wagtailcore.page", "pk": 18, "fields": {"path": "000100010005", "depth": 3, "numchild": 4, "title": "Como Colaborar", "draft_title": "Como Colaborar", "slug": "como-colaborar", "content_type": 43, "live": true, "has_unpublished_changes": false, "url_path": "/home/como-colaborar/", "owner": 3, "seo_title": "", "show_in_menus": false, "search_description": "", "go_live_at": null, "expire_at": null, "expired": false, "locked": false, "first_published_at": "2019-04-10T07:36:42.557Z", "last_published_at": "2019-04-10T07:36:42.557Z", "latest_revision_created_at": "2019-04-10T07:36:42.111Z", "live_revision": 23}}, {"model": "wagtailcore.page", "pk": 19, "fields": {"path": "0001000100050001", "depth": 4, "numchild": 0, "title": "Alianzas", "draft_title": "Alianzas", "slug": "alianzas", "content_type": 41, "live": true, "has_unpublished_changes": false, "url_path": "/home/como-colaborar/alianzas/", "owner": 3, "seo_title": "", "show_in_menus": false, "search_description": "", "go_live_at": null, "expire_at": null, "expired": false, "locked": false, "first_published_at": "2019-04-10T07:39:32.813Z", "last_published_at": "2019-04-11T02:57:01.073Z", "latest_revision_created_at": "2019-04-11T02:57:00.186Z", "live_revision": 70}}, {"model": "wagtailcore.page", "pk": 20, "fields": {"path": "0001000100050002", "depth": 4, "numchild": 0, "title": "Ayuda Difundiendo", "draft_title": "Ayuda Difundiendo", "slug": "ayuda-difundiendo", "content_type": 37, "live": true, "has_unpublished_changes": false, "url_path": "/home/como-colaborar/ayuda-difundiendo/", "owner": 3, "seo_title": "", "show_in_menus": false, "search_description": "", "go_live_at": null, "expire_at": null, "expired": false, "locked": false, "first_published_at": "2019-04-10T07:39:59.633Z", "last_published_at": "2019-04-11T00:53:51.722Z", "latest_revision_created_at": "2019-04-11T00:53:51.072Z", "live_revision": 59}}, {"model": "wagtailcore.page", "pk": 21, "fields": {"path": "0001000100050003", "depth": 4, "numchild": 0, "title": "Legado", "draft_title": "Legado", "slug": "legado", "content_type": 40, "live": true, "has_unpublished_changes": false, "url_path": "/home/como-colaborar/legado/", "owner": 3, "seo_title": "", "show_in_menus": false, "search_description": "", "go_live_at": null, "expire_at": null, "expired": false, "locked": false, "first_published_at": "2019-04-10T07:44:04.295Z", "last_published_at": "2019-04-11T01:54:27.453Z", "latest_revision_created_at": "2019-04-11T01:54:26.810Z", "live_revision": 63}}, {"model": "wagtailcore.page", "pk": 22, "fields": {"path": "0001000100050004", "depth": 4, "numchild": 0, "title": "Quiero Donar", "draft_title": "Quiero Donar", "slug": "quiero-donar", "content_type": 39, "live": true, "has_unpublished_changes": false, "url_path": "/home/como-colaborar/quiero-donar/", "owner": 3, "seo_title": "", "show_in_menus": false, "search_description": "", "go_live_at": null, "expire_at": null, "expired": false, "locked": false, "first_published_at": "2019-04-10T07:44:53.309Z", "last_published_at": "2019-04-11T01:37:07.799Z", "latest_revision_created_at": "2019-04-11T01:37:07.266Z", "live_revision": 62}}, {"model": "wagtailcore.page", "pk": 24, "fields": {"path": "0001000100060001", "depth": 4, "numchild": 0, "title": "Racing Solidario", "draft_title": "Racing Solidario", "slug": "racing-solidario", "content_type": 44, "live": true, "has_unpublished_changes": false, "url_path": "/home/app/racing-solidario/", "owner": 3, "seo_title": "", "show_in_menus": false, "search_description": "", "go_live_at": null, "expire_at": null, "expired": false, "locked": false, "first_published_at": "2019-04-10T10:02:09.807Z", "last_published_at": "2019-04-10T10:02:09.807Z", "latest_revision_created_at": "2019-04-10T10:02:09.366Z", "live_revision": 32}}, {"model": "wagtailcore.page", "pk": 27, "fields": {"path": "0001000100060002", "depth": 4, "numchild": 0, "title": "Mostaza", "draft_title": "Mostaza", "slug": "mostaza", "content_type": 44, "live": true, "has_unpublished_changes": false, "url_path": "/home/app/mostaza/", "owner": 3, "seo_title": "", "show_in_menus": false, "search_description": "", "go_live_at": null, "expire_at": null, "expired": false, "locked": false, "first_published_at": "2019-04-10T13:04:47.678Z", "last_published_at": "2019-04-10T13:04:47.678Z", "latest_revision_created_at": "2019-04-10T13:04:47.110Z", "live_revision": 35}}, {"model": "wagtailcore.page", "pk": 28, "fields": {"path": "0001000100070003", "depth": 4, "numchild": 0, "title": "Carrera 1k", "draft_title": "Carrera 1k", "slug": "carrera-1k", "content_type": 49, "live": true, "has_unpublished_changes": false, "url_path": "/home/carrera/carrera-1k/", "owner": 3, "seo_title": "", "show_in_menus": false, "search_description": "", "go_live_at": null, "expire_at": null, "expired": false, "locked": false, "first_published_at": "2019-04-10T19:04:03.742Z", "last_published_at": "2019-04-10T19:04:03.742Z", "latest_revision_created_at": "2019-04-10T19:04:03.289Z", "live_revision": 49}}, {"model": "wagtailcore.page", "pk": 29, "fields": {"path": "0001000100070004", "depth": 4, "numchild": 0, "title": "Carrera 3K", "draft_title": "Carrera 3K", "slug": "carrera-3k", "content_type": 49, "live": true, "has_unpublished_changes": false, "url_path": "/home/carrera/carrera-3k/", "owner": 3, "seo_title": "", "show_in_menus": false, "search_description": "", "go_live_at": null, "expire_at": null, "expired": false, "locked": false, "first_published_at": "2019-04-10T19:12:11.350Z", "last_published_at": "2019-04-10T19:12:11.350Z", "latest_revision_created_at": "2019-04-10T19:12:10.984Z", "live_revision": 50}}, {"model": "wagtailcore.page", "pk": 30, "fields": {"path": "0001000100070005", "depth": 4, "numchild": 0, "title": "Carrera 10K", "draft_title": "Carrera 10K", "slug": "carrera-10k", "content_type": 49, "live": true, "has_unpublished_changes": false, "url_path": "/home/carrera/carrera-10k/", "owner": 3, "seo_title": "", "show_in_menus": false, "search_description": "", "go_live_at": null, "expire_at": null, "expired": false, "locked": false, "first_published_at": "2019-04-10T19:14:05.233Z", "last_published_at": "2019-04-10T19:14:05.233Z", "latest_revision_created_at": "2019-04-10T19:14:04.673Z", "live_revision": 51}}, {"model": "wagtailcore.page", "pk": 31, "fields": {"path": "0001000100010001", "depth": 4, "numchild": 0, "title": "Noti 1", "draft_title": "Noti 1", "slug": "noti-1", "content_type": 31, "live": true, "has_unpublished_changes": false, "url_path": "/home/noticias/noti-1/", "owner": 3, "seo_title": "", "show_in_menus": false, "search_description": "", "go_live_at": null, "expire_at": null, "expired": false, "locked": false, "first_published_at": "2019-04-11T06:18:28.614Z", "last_published_at": "2019-04-11T17:37:25.052Z", "latest_revision_created_at": "2019-04-11T17:37:24.408Z", "live_revision": 83}}, {"model": "wagtailcore.page", "pk": 32, "fields": {"path": "0001000100010002", "depth": 4, "numchild": 0, "title": "Prueba 2", "draft_title": "Prueba 2", "slug": "prueba-2", "content_type": 31, "live": true, "has_unpublished_changes": false, "url_path": "/home/noticias/prueba-2/", "owner": 3, "seo_title": "", "show_in_menus": false, "search_description": "", "go_live_at": null, "expire_at": null, "expired": false, "locked": false, "first_published_at": "2019-04-11T06:20:16.787Z", "last_published_at": "2019-04-11T17:36:21.539Z", "latest_revision_created_at": "2019-04-11T17:36:20.966Z", "live_revision": 82}}, {"model": "wagtailcore.page", "pk": 33, "fields": {"path": "0001000100010003", "depth": 4, "numchild": 0, "title": "Prueba de noticia 3", "draft_title": "Prueba de noticia 3", "slug": "prueba-de-noticia-3", "content_type": 31, "live": true, "has_unpublished_changes": false, "url_path": "/home/noticias/prueba-de-noticia-3/", "owner": 3, "seo_title": "", "show_in_menus": false, "search_description": "", "go_live_at": null, "expire_at": null, "expired": false, "locked": false, "first_published_at": "2019-04-11T14:34:41.435Z", "last_published_at": "2019-04-11T17:24:45.646Z", "latest_revision_created_at": "2019-04-11T17:24:44.935Z", "live_revision": 81}}, {"model": "wagtailimages.image", "pk": 1, "fields": {"collection": 1, "title": "55845484_10217976041933890_3274402394099679232_n.jpg", "file": "original_images/55845484_10217976041933890_3274402394099679232_n.jpg", "width": 960, "height": 503, "created_at": "2019-04-08T20:43:53.486Z", "uploaded_by_user": 3, "focal_point_x": null, "focal_point_y": null, "focal_point_width": null, "focal_point_height": null, "file_size": 88344, "file_hash": "e909c86938bfd95ffc82a8bde8a5bceab4d891fd"}}, {"model": "wagtailimages.image", "pk": 2, "fields": {"collection": 1, "title": "logo8a.jpg", "file": "original_images/logo8a.jpg", "width": 150, "height": 150, "created_at": "2019-04-10T09:57:02.840Z", "uploaded_by_user": 3, "focal_point_x": null, "focal_point_y": null, "focal_point_width": null, "focal_point_height": null, "file_size": 4392, "file_hash": "dc8c0dc1d228dad79a497aa145a9ed5727f96297"}}, {"model": "wagtailimages.image", "pk": 3, "fields": {"collection": 1, "title": "racing-ok.jpg", "file": "original_images/racing-ok.jpg", "width": 512, "height": 512, "created_at": "2019-04-10T10:01:47.928Z", "uploaded_by_user": 3, "focal_point_x": null, "focal_point_y": null, "focal_point_width": null, "focal_point_height": null, "file_size": 31718, "file_hash": "04021c94fe66bbf543b94e68393b931065a81d8b"}}, {"model": "wagtailimages.image", "pk": 4, "fields": {"collection": 1, "title": "Isologo_Mostaza_2018_(002)1.png", "file": "original_images/Isologo_Mostaza_2018_0021.png", "width": 1629, "height": 1165, "created_at": "2019-04-10T10:07:26.380Z", "uploaded_by_user": 3, "focal_point_x": null, "focal_point_y": null, "focal_point_width": null, "focal_point_height": null, "file_size": 47057, "file_hash": "4eae9eeaee847657d9cc63a3c922805e70d745e6"}}, {"model": "wagtailimages.image", "pk": 5, "fields": {"collection": 1, "title": "Nivea.jpg", "file": "original_images/Nivea.jpg", "width": 2135, "height": 2134, "created_at": "2019-04-10T15:42:01.313Z", "uploaded_by_user": 3, "focal_point_x": null, "focal_point_y": null, "focal_point_width": null, "focal_point_height": null, "file_size": 69318, "file_hash": "5923c0f38791820a11ca2bf76d6a00a6d6166969"}}, {"model": "wagtailimages.image", "pk": 6, "fields": {"collection": 1, "title": "PIEZA_PARA_WEB4.jpg", "file": "original_images/PIEZA_PARA_WEB4.jpg", "width": 2000, "height": 923, "created_at": "2019-04-10T19:44:26.949Z", "uploaded_by_user": 3, "focal_point_x": null, "focal_point_y": null, "focal_point_width": null, "focal_point_height": null, "file_size": 324620, "file_hash": "4fd3eb3e987ad36b845917da4093879823aaf741"}}, {"model": "wagtailimages.image", "pk": 7, "fields": {"collection": 1, "title": "PIEZA_PARA_WEB_desk4.jpg", "file": "original_images/PIEZA_PARA_WEB_desk4.jpg", "width": 2000, "height": 835, "created_at": "2019-04-10T19:44:46.290Z", "uploaded_by_user": 3, "focal_point_x": null, "focal_point_y": null, "focal_point_width": null, "focal_point_height": null, "file_size": 1263569, "file_hash": "14a1b74cdd9e98d02cdecf490a98d4f1661739d2"}}, {"model": "wagtailimages.image", "pk": 8, "fields": {"collection": 1, "title": "PIEZA_PARA_WEB_desk4.jpg", "file": "original_images/PIEZA_PARA_WEB_desk4_EKmwIk6.jpg", "width": 2000, "height": 835, "created_at": "2019-04-10T20:06:25.311Z", "uploaded_by_user": 3, "focal_point_x": null, "focal_point_y": null, "focal_point_width": null, "focal_point_height": null, "file_size": 1263569, "file_hash": "14a1b74cdd9e98d02cdecf490a98d4f1661739d2"}}, {"model": "wagtailimages.image", "pk": 9, "fields": {"collection": 1, "title": "PIEZA_PARA_WEB_MOBILE_2.jpg", "file": "original_images/PIEZA_PARA_WEB_MOBILE_2.jpg", "width": 600, "height": 600, "created_at": "2019-04-10T20:08:48.580Z", "uploaded_by_user": 3, "focal_point_x": null, "focal_point_y": null, "focal_point_width": null, "focal_point_height": null, "file_size": 365907, "file_hash": "7d97d862e8ad30d0ea0c0d1ed39ee751f571cefb"}}, {"model": "wagtailimages.image", "pk": 10, "fields": {"collection": 1, "title": "Mapa", "file": "original_images/mapa2.jpg", "width": 1172, "height": 543, "created_at": "2019-04-10T23:08:37.089Z", "uploaded_by_user": 3, "focal_point_x": null, "focal_point_y": null, "focal_point_width": null, "focal_point_height": null, "file_size": 87744, "file_hash": "4678cace43ae34c880ff290ed2afd9403001f9a7"}}, {"model": "wagtailimages.image", "pk": 11, "fields": {"collection": 1, "title": "remera1.jpg", "file": "original_images/remera1.jpg", "width": 963, "height": 463, "created_at": "2019-04-10T23:15:23.184Z", "uploaded_by_user": 3, "focal_point_x": null, "focal_point_y": null, "focal_point_width": null, "focal_point_height": null, "file_size": 49247, "file_hash": "09b999209129335a63c84a609a97ecee7ab4d0c2"}}, {"model": "wagtailimages.image", "pk": 12, "fields": {"collection": 1, "title": "iphone-4-415708_1920.jpg", "file": "original_images/iphone-4-415708_1920.jpg", "width": 1920, "height": 1280, "created_at": "2019-04-11T00:53:45.385Z", "uploaded_by_user": 3, "focal_point_x": null, "focal_point_y": null, "focal_point_width": null, "focal_point_height": null, "file_size": 396069, "file_hash": "cc0d0fca0a4401ff644453e0563d06c887a1970c"}}, {"model": "wagtailimages.image", "pk": 13, "fields": {"collection": 1, "title": "donar.jpg", "file": "original_images/donar.jpg", "width": 446, "height": 469, "created_at": "2019-04-11T01:12:06.767Z", "uploaded_by_user": 3, "focal_point_x": null, "focal_point_y": null, "focal_point_width": null, "focal_point_height": null, "file_size": 32452, "file_hash": "2d60368fcc9e5cadf83a91e86a17c892c82adbe0"}}, {"model": "wagtailimages.image", "pk": 14, "fields": {"collection": 1, "title": "Foto_legados_y_herencias_21.JPG", "file": "original_images/Foto_legados_y_herencias_21.JPG", "width": 2000, "height": 592, "created_at": "2019-04-11T01:46:14.170Z", "uploaded_by_user": 3, "focal_point_x": null, "focal_point_y": null, "focal_point_width": null, "focal_point_height": null, "file_size": 447765, "file_hash": "8898d151ddcad808a5d61310f51996647a27bda0"}}, {"model": "wagtailimages.image", "pk": 15, "fields": {"collection": 1, "title": "Foto_comunicaci\u00f3n_3.jpg", "file": "original_images/Foto_comunicacion_3.jpg", "width": 2657, "height": 1772, "created_at": "2019-04-11T02:15:49.684Z", "uploaded_by_user": 3, "focal_point_x": null, "focal_point_y": null, "focal_point_width": null, "focal_point_height": null, "file_size": 3329475, "file_hash": "8963a7c844f85a67b73e1927bc6a6fcaf1d018fc"}}, {"model": "wagtailimages.image", "pk": 16, "fields": {"collection": 1, "title": "quehacemos.jpg", "file": "original_images/quehacemos.jpg", "width": 1900, "height": 704, "created_at": "2019-04-11T03:47:50.845Z", "uploaded_by_user": 3, "focal_point_x": null, "focal_point_y": null, "focal_point_width": null, "focal_point_height": null, "file_size": 178921, "file_hash": "3e57fd5e4ba725dc390ba3bcb784cc83b41d1d33"}}, {"model": "wagtailimages.image", "pk": 17, "fields": {"collection": 1, "title": "banner_2_gif4.gif", "file": "original_images/banner_2_gif4.gif", "width": 298, "height": 731, "created_at": "2019-04-11T03:48:38.733Z", "uploaded_by_user": 3, "focal_point_x": null, "focal_point_y": null, "focal_point_width": null, "focal_point_height": null, "file_size": 120414, "file_hash": "f4e859fdca724c4d7f1a4dccc2fde10d4369f4c9"}}, {"model": "wagtailimages.image", "pk": 18, "fields": {"collection": 1, "title": "ico_educacion.png", "file": "original_images/ico_educacion.png", "width": 112, "height": 80, "created_at": "2019-04-11T03:52:48.957Z", "uploaded_by_user": 3, "focal_point_x": null, "focal_point_y": null, "focal_point_width": null, "focal_point_height": null, "file_size": 48787, "file_hash": "2f9a2dcac70a00f86ea6342b092bafac6af547d4"}}, {"model": "wagtailimages.image", "pk": 19, "fields": {"collection": 1, "title": "ico_trabajo.png", "file": "original_images/ico_trabajo.png", "width": 81, "height": 77, "created_at": "2019-04-11T03:53:19.067Z", "uploaded_by_user": 3, "focal_point_x": null, "focal_point_y": null, "focal_point_width": null, "focal_point_height": null, "file_size": 62043, "file_hash": "fbe96dfa624d6723b95aa0f1b424e055dbb0888f"}}, {"model": "wagtailimages.image", "pk": 20, "fields": {"collection": 1, "title": "ico_comunitarias.png", "file": "original_images/ico_comunitarias.png", "width": 74, "height": 86, "created_at": "2019-04-11T03:53:46.790Z", "uploaded_by_user": 3, "focal_point_x": null, "focal_point_y": null, "focal_point_width": null, "focal_point_height": null, "file_size": 51855, "file_hash": "28bdb6bdfceccfd3ebada8c4bf5a6029560e1ede"}}, {"model": "wagtailimages.image", "pk": 21, "fields": {"collection": 1, "title": "ico_misioneras.png", "file": "original_images/ico_misioneras.png", "width": 79, "height": 70, "created_at": "2019-04-11T03:54:54.923Z", "uploaded_by_user": 3, "focal_point_x": null, "focal_point_y": null, "focal_point_width": null, "focal_point_height": null, "file_size": 56537, "file_hash": "814358ab6242ab17fec6695d05a22e91d92a7331"}}, {"model": "wagtailimages.image", "pk": 22, "fields": {"collection": 1, "title": "quienes.jpg", "file": "original_images/quienes.jpg", "width": 1444, "height": 965, "created_at": "2019-04-11T04:10:43.315Z", "uploaded_by_user": 3, "focal_point_x": null, "focal_point_y": null, "focal_point_width": null, "focal_point_height": null, "file_size": 206583, "file_hash": "7f08c751722407944387f7da4bf1601028f9d6a1"}}, {"model": "wagtailimages.image", "pk": 23, "fields": {"collection": 1, "title": "595a26a84b952_647_365-1.jpg", "file": "original_images/595a26a84b952_647_365-1.jpg", "width": 1024, "height": 400, "created_at": "2019-04-11T04:40:13.784Z", "uploaded_by_user": 3, "focal_point_x": null, "focal_point_y": null, "focal_point_width": null, "focal_point_height": null, "file_size": 59001, "file_hash": "7659e4f07ca4040115eff87bfcede1f22f9e67ff"}}, {"model": "wagtailimages.image", "pk": 24, "fields": {"collection": 1, "title": "55845484_10217976041933890_3274402394099679232_n.jpg", "file": "original_images/55845484_10217976041933890_3274402394099679232_n_2UH0Ohk.jpg", "width": 960, "height": 503, "created_at": "2019-04-12T19:36:47.671Z", "uploaded_by_user": 3, "focal_point_x": null, "focal_point_y": null, "focal_point_width": null, "focal_point_height": null, "file_size": 88344, "file_hash": "e909c86938bfd95ffc82a8bde8a5bceab4d891fd"}}, {"model": "wagtaildocs.document", "pk": 1, "fields": {"collection": 1, "title": "Reglamento General", "file": "documents/reglamento2.pdf", "created_at": "2019-04-10T22:49:45.288Z", "uploaded_by_user": 3, "file_size": 283922, "file_hash": "c6b9251a03d614ffcb6fe0d5e0b0b71e0e062ad1"}}, {"model": "wagtaildocs.document", "pk": 2, "fields": {"collection": 1, "title": "Autorizacion Menores", "file": "documents/autorizacion2.pdf", "created_at": "2019-04-10T22:50:12.660Z", "uploaded_by_user": 3, "file_size": 115872, "file_hash": "d2b74b432c71cacb6ae6efb1df268402fd4e84f0"}}, {"model": "wagtailusers.userprofile", "pk": 1, "fields": {"user": 3, "submitted_notifications": true, "approved_notifications": true, "rejected_notifications": true, "preferred_language": "es", "current_time_zone": "America/Argentina/Buenos_Aires", "avatar": ""}}, {"model": "home.noticia", "pk": 31, "fields": {"categoria": "Educacion", "date": "2019-04-11", "intro": "noticia bajada", "body": "<p><b>Lorem Ipsum</b> is simply dummy text of the printing and typesetting industry. Lorem Ipsum has been the industry&#x27;s standard dummy text ever since the 1500s, when an unknown printer took a galley of type and scrambled it to make a type specimen book. It has survived not only five centuries, but also the leap into electronic typesetting, remaining essentially unchanged. It was popularised in the 1960s with the release of Letraset sheets containing Lorem Ipsum passages, and more recently with desktop publishing software like Aldus PageMaker including versions of Lorem Ipsum.</p>", "imagen_portada": 12}}, {"model": "home.noticia", "pk": 32, "fields": {"categoria": "Educacion", "date": "2019-04-04", "intro": "Bajada 2 un poco mas larga que la enterior", "body": "<p><b>Lorem Ipsum</b> is simply dummy text of the printing and typesetting industry. Lorem Ipsum has been the industry&#x27;s standard dummy text ever since the 1500s, when an unknown printer took a galley of type and scrambled it to make a type specimen book. It has survived not only five centuries, but also the leap into electronic typesetting, remaining essentially unchanged. It was popularised in the 1960s with the release of Letraset sheets containing Lorem Ipsum passages, and more recently with desktop publishing software like Aldus PageMaker including versions of Lorem Ipsum.</p><p><b>Lorem Ipsum</b> is simply dummy text of the printing and typesetting industry. Lorem Ipsum has been the industry&#x27;s standard dummy text ever since the 1500s, when an unknown printer took a galley of type and scrambled it to make a type specimen book. It has survived not only five centuries, but also the leap into electronic typesetting, remaining essentially unchanged. It was popularised in the 1960s with the release of Letraset sheets containing Lorem Ipsum passages, and more recently with desktop publishing software like Aldus PageMaker including versions of Lorem Ipsum.</p>", "imagen_portada": 16}}, {"model": "home.noticia", "pk": 33, "fields": {"categoria": "Educacion", "date": "2019-05-02", "intro": "bajada de la noticia breve resumen", "body": "<p></p><embed alt=\"595a26a84b952_647_365-1.jpg\" embedtype=\"image\" format=\"left\" id=\"23\"/><p></p>", "imagen_portada": 22}}, {"model": "home.noticias", "pk": 12, "fields": {}}, {"model": "home.carreras", "pk": 28, "fields": {"inscripcion_url": "https://sportick.com.ar/sis/users/start/evento/dba", "distancia": "1 KM", "valor": 300, "descripcion_categoria": "Categoria Familiar"}}, {"model": "home.carreras", "pk": 29, "fields": {"inscripcion_url": "https://sportick.com.ar/sis/users/start/evento/dba", "distancia": "3 KM", "valor": 460, "descripcion_categoria": "Categoria Participativa"}}, {"model": "home.carreras", "pk": 30, "fields": {"inscripcion_url": "https://sportick.com.ar/sis/users/start/evento/dba", "distancia": "10 KM", "valor": 500, "descripcion_categoria": "Categoria Competitiva"}}, {"model": "home.app", "pk": 16, "fields": {"video_code": "EFu-Mdl7Rck"}}, {"model": "home.carrera", "pk": 17, "fields": {"imagen_superior_horizontal": 8, "imagen_superior_vertical": 9, "imagen_inferior_mapa": 10, "imagen_inferior_kit": 11, "reglamento": 1, "politica_menores": 2}}, {"model": "home.quierodonar", "pk": 22, "fields": {"imagen_principal": 13, "url_donar": "https://donbosco.secure.force.com/porlosjovenes", "url_aumentar": "https://donbosco.secure.force.com/contacto"}}, {"model": "home.legado", "pk": 21, "fields": {"imagen_principal": 14}}, {"model": "home.ayudadifundiendo", "pk": 20, "fields": {"imagen_principal": 12}}, {"model": "home.alianzas", "pk": 19, "fields": {"imagen_principal": 15, "nota_pie": "<h5>Las empresas donantes pueden obtener un beneficio impositivo, ya que Don Bosco Argentina se encuentra inscripta como entidad beneficiaria, reconocida como exenta del Impuesto a las Ganancias. De esta manera, las donaciones realizadas a nuestra organizaci\u00f3n podr\u00e1n deducirse de este impuesto, hasta el l\u00edmite del 5% de la renta neta del per\u00edodo fiscal correspondiente.</h5><h5>Para mayor informaci\u00f3n contactarse con</h5><h5><b>alianzas@porlosjovenes.org</b></h5>"}}, {"model": "home.comocolaborar", "pk": 18, "fields": {}}, {"model": "home.dondeestamos", "pk": 13, "fields": {"imagen_principal": null}}, {"model": "home.transparencia", "pk": 15, "fields": {"imagen_principal": 23}}, {"model": "home.quienessomos", "pk": 14, "fields": {"imagen_principal": 22}}, {"model": "home.nosotros", "pk": 10, "fields": {}}, {"model": "home.quehacemos", "pk": 11, "fields": {"banner_imagen": 17, "banner_url": "https://porlosjovenes.org/quierodonar", "imagen_principal": 16, "acciones_imagen": 21, "comunitaria_imagen": 20, "educacion_imagen": 18, "trabajo_imagen": 19, "educacion_texto": "Acceder a educaci\u00f3n es construir las herramientas intelectuales y personales que permiten a cada uno moldear su presente y su futuro. La educaci\u00f3n Inicial, Primaria, Secundaria, Terciaria y Universitaria es integral: apunta al crecimiento de la persona en su complejidad (intelectual, espiritual, afectiva y corporal).", "trabajo_texto": "Llevar una vida digna y crecer como personas requiere trabajar, para lo cual es necesario formarse. La formaci\u00f3n para el trabajo y la educaci\u00f3n t\u00e9cnico profesional (escuelas t\u00e9cnicas, agrot\u00e9cnicas \u2013EAS- y centros de formaci\u00f3n profesional) significan aprendizaje t\u00e9cnico y pr\u00e1ctico fundamentado en valores, para que cada joven d\u00e9 forma a un futuro estable.", "comunitaria_texto": "Cuando las necesidades son grandes, m\u00e1s grandes a\u00fan son las respuestas para paliarlas. Las propuestas de Don Bosco Argentina orientadas a los chicos y chicas m\u00e1s vulnerables econ\u00f3mica y afectivamente, como hogares, centros de d\u00eda y colonias, permiten vivir en condiciones dignas y crecer en un ambiente sano.", "acciones_texto": "Acompa\u00f1amiento cotidiano a familias de parajes aislados y de escasos recursos, construyendo con ellas inclusi\u00f3n educativa, acercando bienes materiales y conectando a unas comunidades con otras para romper la exclusi\u00f3n y el aislamiento."}}, {"model": "home.homepage", "pk": 3, "fields": {}}]
